date,latitude,longitude,lon_label,depth,doy,T_observed,T_climatology,anomaly,quality
2026-04-01,-4.000,65.000,65E,10.000,91,30.000,29.744,0.256,2
2026-04-01,-4.000,65.000,65E,40.000,91,29.840,27.285,2.555,2
2026-04-01,-4.000,65.000,65E,80.000,91,26.340,23.759,2.581,2
2026-04-01,-4.000,65.000,65E,100.000,91,18.090,20.091,-2.001,2
2026-04-01,-4.000,65.000,65E,120.000,91,16.680,17.546,-0.866,2
2026-04-01,-4.000,65.000,65E,140.000,91,16.200,16.247,-0.047,2
2026-04-01,-4.000,65.000,65E,180.000,91,15.190,14.610,0.580,2
2026-04-01,-4.000,65.000,65E,300.000,91,11.850,11.395,0.455,2
2026-04-01,-4.000,65.000,65E,500.000,91,9.390,9.128,0.262,2
2026-04-01,-4.000,80.500,80E,1.000,91,30.440,30.454,-0.014,2
2026-04-01,-4.000,80.500,80E,10.000,91,30.160,29.896,0.264,2
2026-04-01,-4.000,80.500,80E,20.000,91,30.130,29.741,0.389,2
2026-04-01,-4.000,80.500,80E,40.000,91,29.890,26.890,3.000,2
2026-04-01,-4.000,80.500,80E,60.000,91,29.080,24.556,4.524,2
2026-04-01,-4.000,80.500,80E,80.000,91,27.290,22.260,5.030,2
2026-04-01,-4.000,80.500,80E,100.000,91,23.570,19.779,3.791,2
2026-04-01,-4.000,80.500,80E,120.000,91,19.960,17.662,2.298,2
2026-04-01,-4.000,80.500,80E,140.000,91,18.030,16.205,1.825,2
2026-04-01,-4.000,80.500,80E,300.000,91,11.460,11.404,0.056,2
2026-04-01,-4.000,80.500,80E,500.000,91,9.520,9.227,0.293,2
2026-04-02,-4.000,65.000,65E,10.000,92,30.020,29.744,0.276,2
2026-04-02,-4.000,65.000,65E,40.000,92,29.740,27.285,2.455,2
2026-04-02,-4.000,65.000,65E,80.000,92,25.190,23.759,1.431,2
2026-04-02,-4.000,65.000,65E,100.000,92,18.410,20.091,-1.681,2
2026-04-02,-4.000,65.000,65E,120.000,92,16.750,17.546,-0.796,2
2026-04-02,-4.000,65.000,65E,140.000,92,16.310,16.247,0.063,2
2026-04-02,-4.000,65.000,65E,180.000,92,15.060,14.610,0.450,2
2026-04-02,-4.000,65.000,65E,300.000,92,11.880,11.395,0.485,2
2026-04-02,-4.000,65.000,65E,500.000,92,9.440,9.128,0.312,2
2026-04-02,-4.000,80.500,80E,1.000,92,30.460,30.454,0.006,2
2026-04-02,-4.000,80.500,80E,10.000,92,30.150,29.896,0.254,2
2026-04-02,-4.000,80.500,80E,20.000,92,30.160,29.741,0.419,2
2026-04-02,-4.000,80.500,80E,40.000,92,29.740,26.890,2.850,2
2026-04-02,-4.000,80.500,80E,60.000,92,28.520,24.556,3.964,2
2026-04-02,-4.000,80.500,80E,80.000,92,26.710,22.260,4.450,2
2026-04-02,-4.000,80.500,80E,100.000,92,22.420,19.779,2.641,2
2026-04-02,-4.000,80.500,80E,120.000,92,19.730,17.662,2.068,2
2026-04-02,-4.000,80.500,80E,140.000,92,18.030,16.205,1.825,2
2026-04-02,-4.000,80.500,80E,300.000,92,11.370,11.404,-0.034,2
2026-04-02,-4.000,80.500,80E,500.000,92,9.410,9.227,0.183,2
2026-04-03,-4.000,65.000,65E,10.000,93,29.970,29.744,0.226,2
2026-04-03,-4.000,65.000,65E,40.000,93,29.680,27.285,2.395,2
2026-04-03,-4.000,65.000,65E,80.000,93,27.320,23.759,3.561,2
2026-04-03,-4.000,65.000,65E,100.000,93,18.850,20.091,-1.241,2
2026-04-03,-4.000,65.000,65E,120.000,93,17.430,17.546,-0.116,2
2026-04-03,-4.000,65.000,65E,140.000,93,16.520,16.247,0.273,2
2026-04-03,-4.000,65.000,65E,180.000,93,15.320,14.610,0.710,2
2026-04-03,-4.000,65.000,65E,300.000,93,11.570,11.395,0.175,2
2026-04-03,-4.000,65.000,65E,500.000,93,9.400,9.128,0.272,2
2026-04-03,-4.000,80.500,80E,1.000,93,30.030,30.454,-0.424,2
2026-04-03,-4.000,80.500,80E,10.000,93,30.060,29.896,0.164,2
2026-04-03,-4.000,80.500,80E,20.000,93,30.050,29.741,0.309,2
2026-04-03,-4.000,80.500,80E,40.000,93,29.690,26.890,2.800,2
2026-04-03,-4.000,80.500,80E,60.000,93,28.600,24.556,4.044,2
2026-04-03,-4.000,80.500,80E,80.000,93,26.720,22.260,4.460,2
2026-04-03,-4.000,80.500,80E,100.000,93,22.760,19.779,2.981,2
2026-04-03,-4.000,80.500,80E,120.000,93,19.660,17.662,1.998,2
2026-04-03,-4.000,80.500,80E,140.000,93,18.380,16.205,2.175,2
2026-04-03,-4.000,80.500,80E,300.000,93,11.450,11.404,0.046,2
2026-04-03,-4.000,80.500,80E,500.000,93,9.420,9.227,0.193,2
2026-04-04,-4.000,65.000,65E,10.000,94,29.900,29.744,0.156,2
2026-04-04,-4.000,65.000,65E,40.000,94,29.820,27.285,2.535,2
2026-04-04,-4.000,65.000,65E,80.000,94,24.730,23.759,0.971,2
2026-04-04,-4.000,65.000,65E,100.000,94,18.930,20.091,-1.161,2
2026-04-04,-4.000,65.000,65E,120.000,94,17.340,17.546,-0.206,2
2026-04-04,-4.000,65.000,65E,140.000,94,16.460,16.247,0.213,2
2026-04-04,-4.000,65.000,65E,180.000,94,15.550,14.610,0.940,2
2026-04-04,-4.000,65.000,65E,300.000,94,11.520,11.395,0.125,2
2026-04-04,-4.000,65.000,65E,500.000,94,9.360,9.128,0.232,2
2026-04-04,-4.000,80.500,80E,1.000,94,29.900,30.454,-0.554,2
2026-04-04,-4.000,80.500,80E,10.000,94,29.890,29.896,-0.006,2
2026-04-04,-4.000,80.500,80E,20.000,94,29.800,29.741,0.059,2
2026-04-04,-4.000,80.500,80E,40.000,94,29.570,26.890,2.680,2
2026-04-04,-4.000,80.500,80E,60.000,94,28.640,24.556,4.084,2
2026-04-04,-4.000,80.500,80E,80.000,94,26.250,22.260,3.990,2
2026-04-04,-4.000,80.500,80E,100.000,94,23.500,19.779,3.721,2
2026-04-04,-4.000,80.500,80E,120.000,94,20.470,17.662,2.808,2
2026-04-04,-4.000,80.500,80E,140.000,94,18.570,16.205,2.365,2
2026-04-04,-4.000,80.500,80E,300.000,94,11.330,11.404,-0.074,2
2026-04-04,-4.000,80.500,80E,500.000,94,9.420,9.227,0.193,2
2026-04-05,-4.000,65.000,65E,10.000,95,29.940,29.744,0.196,2
2026-04-05,-4.000,65.000,65E,40.000,95,29.840,27.285,2.555,2
2026-04-05,-4.000,65.000,65E,80.000,95,26.370,23.759,2.611,2
2026-04-05,-4.000,65.000,65E,100.000,95,18.400,20.091,-1.691,2
2026-04-05,-4.000,65.000,65E,120.000,95,16.940,17.546,-0.606,2
2026-04-05,-4.000,65.000,65E,140.000,95,16.200,16.247,-0.047,2
2026-04-05,-4.000,65.000,65E,180.000,95,15.360,14.610,0.750,2
2026-04-05,-4.000,65.000,65E,300.000,95,11.880,11.395,0.485,2
2026-04-05,-4.000,65.000,65E,500.000,95,9.420,9.128,0.292,2
2026-04-05,-4.000,80.500,80E,1.000,95,29.900,30.454,-0.554,2
2026-04-05,-4.000,80.500,80E,10.000,95,29.840,29.896,-0.056,2
2026-04-05,-4.000,80.500,80E,20.000,95,29.850,29.741,0.109,2
2026-04-05,-4.000,80.500,80E,40.000,95,29.340,26.890,2.450,2
2026-04-05,-4.000,80.500,80E,60.000,95,28.900,24.556,4.344,2
2026-04-05,-4.000,80.500,80E,80.000,95,25.490,22.260,3.230,2
2026-04-05,-4.000,80.500,80E,100.000,95,21.800,19.779,2.021,2
2026-04-05,-4.000,80.500,80E,120.000,95,19.320,17.662,1.658,2
2026-04-05,-4.000,80.500,80E,140.000,95,18.010,16.205,1.805,2
2026-04-05,-4.000,80.500,80E,300.000,95,11.130,11.404,-0.274,2
2026-04-05,-4.000,80.500,80E,500.000,95,9.260,9.227,0.033,2
2026-04-06,-4.000,65.000,65E,10.000,96,29.810,29.744,0.066,2
2026-04-06,-4.000,65.000,65E,40.000,96,29.800,27.285,2.515,2
2026-04-06,-4.000,65.000,65E,80.000,96,28.390,23.759,4.631,2
2026-04-06,-4.000,65.000,65E,100.000,96,18.630,20.091,-1.461,2
2026-04-06,-4.000,65.000,65E,120.000,96,16.690,17.546,-0.856,2
2026-04-06,-4.000,65.000,65E,140.000,96,16.050,16.247,-0.197,2
2026-04-06,-4.000,65.000,65E,180.000,96,14.950,14.610,0.340,2
2026-04-06,-4.000,65.000,65E,300.000,96,11.270,11.395,-0.125,2
2026-04-06,-4.000,65.000,65E,500.000,96,9.340,9.128,0.212,2
2026-04-06,-4.000,80.500,80E,1.000,96,30.330,30.454,-0.124,2
2026-04-06,-4.000,80.500,80E,10.000,96,29.960,29.896,0.064,2
2026-04-06,-4.000,80.500,80E,20.000,96,29.950,29.741,0.209,2
2026-04-06,-4.000,80.500,80E,40.000,96,29.830,26.890,2.940,2
2026-04-06,-4.000,80.500,80E,60.000,96,28.450,24.556,3.894,2
2026-04-06,-4.000,80.500,80E,80.000,96,24.780,22.260,2.520,2
2026-04-06,-4.000,80.500,80E,100.000,96,20.830,19.779,1.051,2
2026-04-06,-4.000,80.500,80E,120.000,96,18.970,17.662,1.308,2
2026-04-06,-4.000,80.500,80E,140.000,96,17.150,16.205,0.945,2
2026-04-06,-4.000,80.500,80E,300.000,96,11.220,11.404,-0.184,2
2026-04-06,-4.000,80.500,80E,500.000,96,9.340,9.227,0.113,2
2026-04-07,-4.000,65.000,65E,10.000,97,29.870,29.744,0.126,2
2026-04-07,-4.000,65.000,65E,40.000,97,29.640,27.285,2.355,2
2026-04-07,-4.000,65.000,65E,80.000,97,27.790,23.759,4.031,2
2026-04-07,-4.000,65.000,65E,100.000,97,19.310,20.091,-0.781,2
2026-04-07,-4.000,65.000,65E,120.000,97,17.270,17.546,-0.276,2
2026-04-07,-4.000,65.000,65E,140.000,97,16.310,16.247,0.063,2
2026-04-07,-4.000,65.000,65E,180.000,97,15.220,14.610,0.610,2
2026-04-07,-4.000,65.000,65E,300.000,97,11.640,11.395,0.245,2
2026-04-07,-4.000,65.000,65E,500.000,97,9.390,9.128,0.262,2
2026-04-07,-4.000,80.500,80E,1.000,97,29.800,30.454,-0.654,2
2026-04-07,-4.000,80.500,80E,10.000,97,29.950,29.896,0.054,2
2026-04-07,-4.000,80.500,80E,20.000,97,29.910,29.741,0.169,2
2026-04-07,-4.000,80.500,80E,40.000,97,29.890,26.890,3.000,2
2026-04-07,-4.000,80.500,80E,60.000,97,28.190,24.556,3.634,2
2026-04-07,-4.000,80.500,80E,80.000,97,25.040,22.260,2.780,2
2026-04-07,-4.000,80.500,80E,100.000,97,22.010,19.779,2.231,2
2026-04-07,-4.000,80.500,80E,120.000,97,19.720,17.662,2.058,2
2026-04-07,-4.000,80.500,80E,140.000,97,18.190,16.205,1.985,2
2026-04-07,-4.000,80.500,80E,300.000,97,11.480,11.404,0.076,2
2026-04-07,-4.000,80.500,80E,500.000,97,9.630,9.227,0.403,2
2026-04-08,-4.000,65.000,65E,10.000,98,29.990,29.744,0.246,2
2026-04-08,-4.000,65.000,65E,40.000,98,29.610,27.285,2.325,2
2026-04-08,-4.000,65.000,65E,80.000,98,26.840,23.759,3.081,2
2026-04-08,-4.000,65.000,65E,100.000,98,19.440,20.091,-0.651,2
2026-04-08,-4.000,65.000,65E,120.000,98,17.230,17.546,-0.316,2
2026-04-08,-4.000,65.000,65E,140.000,98,16.130,16.247,-0.117,2
2026-04-08,-4.000,65.000,65E,180.000,98,15.040,14.610,0.430,2
2026-04-08,-4.000,65.000,65E,300.000,98,11.600,11.395,0.205,2
2026-04-08,-4.000,65.000,65E,500.000,98,9.440,9.128,0.312,2
2026-04-08,-4.000,80.500,80E,1.000,98,29.940,30.454,-0.514,2
2026-04-08,-4.000,80.500,80E,10.000,98,29.910,29.896,0.014,2
2026-04-08,-4.000,80.500,80E,20.000,98,29.900,29.741,0.159,2
2026-04-08,-4.000,80.500,80E,40.000,98,29.830,26.890,2.940,2
2026-04-08,-4.000,80.500,80E,60.000,98,29.110,24.556,4.554,2
2026-04-08,-4.000,80.500,80E,80.000,98,25.180,22.260,2.920,2
2026-04-08,-4.000,80.500,80E,100.000,98,22.100,19.779,2.321,2
2026-04-08,-4.000,80.500,80E,120.000,98,19.950,17.662,2.288,2
2026-04-08,-4.000,80.500,80E,140.000,98,18.130,16.205,1.925,2
2026-04-08,-4.000,80.500,80E,300.000,98,11.430,11.404,0.026,2
2026-04-08,-4.000,80.500,80E,500.000,98,9.480,9.227,0.253,2
2026-04-09,-4.000,65.000,65E,10.000,99,29.960,29.744,0.216,2
2026-04-09,-4.000,65.000,65E,80.000,99,25.870,23.759,2.111,2
2026-04-09,-4.000,65.000,65E,100.000,99,18.850,20.091,-1.241,2
2026-04-09,-4.000,65.000,65E,120.000,99,17.200,17.546,-0.346,2
2026-04-09,-4.000,65.000,65E,140.000,99,16.260,16.247,0.013,2
2026-04-09,-4.000,65.000,65E,180.000,99,15.140,14.610,0.530,2
2026-04-09,-4.000,65.000,65E,300.000,99,11.300,11.395,-0.095,2
2026-04-09,-4.000,65.000,65E,500.000,99,9.330,9.128,0.202,2
2026-04-09,-4.000,80.500,80E,1.000,99,30.010,30.454,-0.444,2
2026-04-09,-4.000,80.500,80E,10.000,99,29.900,29.896,0.004,2
2026-04-09,-4.000,80.500,80E,20.000,99,29.890,29.741,0.149,2
2026-04-09,-4.000,80.500,80E,40.000,99,29.800,26.890,2.910,2
2026-04-09,-4.000,80.500,80E,60.000,99,28.890,24.556,4.334,2
2026-04-09,-4.000,80.500,80E,80.000,99,25.650,22.260,3.390,2
2026-04-09,-4.000,80.500,80E,100.000,99,21.880,19.779,2.101,2
2026-04-09,-4.000,80.500,80E,120.000,99,19.240,17.662,1.578,2
2026-04-09,-4.000,80.500,80E,140.000,99,17.730,16.205,1.525,2
2026-04-09,-4.000,80.500,80E,300.000,99,11.210,11.404,-0.194,2
2026-04-09,-4.000,80.500,80E,500.000,99,9.310,9.227,0.083,2
2026-04-10,-4.000,65.000,65E,10.000,100,29.990,29.744,0.246,2
2026-04-10,-4.000,65.000,65E,40.000,100,29.400,27.285,2.115,2
2026-04-10,-4.000,65.000,65E,80.000,100,26.910,23.759,3.151,2
2026-04-10,-4.000,65.000,65E,100.000,100,19.380,20.091,-0.711,2
2026-04-10,-4.000,65.000,65E,120.000,100,17.020,17.546,-0.526,2
2026-04-10,-4.000,65.000,65E,140.000,100,15.820,16.247,-0.427,2
2026-04-10,-4.000,65.000,65E,180.000,100,14.920,14.610,0.310,2
2026-04-10,-4.000,65.000,65E,300.000,100,11.280,11.395,-0.115,2
2026-04-10,-4.000,65.000,65E,500.000,100,9.410,9.128,0.282,2
2026-04-10,-4.000,80.500,80E,1.000,100,30.270,30.454,-0.184,2
2026-04-10,-4.000,80.500,80E,10.000,100,29.940,29.896,0.044,2
2026-04-10,-4.000,80.500,80E,20.000,100,29.950,29.741,0.209,2
2026-04-10,-4.000,80.500,80E,40.000,100,29.940,26.890,3.050,2
2026-04-10,-4.000,80.500,80E,60.000,100,28.620,24.556,4.064,2
2026-04-10,-4.000,80.500,80E,80.000,100,25.520,22.260,3.260,2
2026-04-10,-4.000,80.500,80E,100.000,100,22.550,19.779,2.771,2
2026-04-10,-4.000,80.500,80E,120.000,100,19.550,17.662,1.888,2
2026-04-10,-4.000,80.500,80E,140.000,100,18.190,16.205,1.985,2
2026-04-10,-4.000,80.500,80E,300.000,100,11.400,11.404,-0.004,2
2026-04-10,-4.000,80.500,80E,500.000,100,9.410,9.227,0.183,2
2026-04-11,-4.000,65.000,65E,10.000,101,30.130,29.744,0.386,2
2026-04-11,-4.000,65.000,65E,40.000,101,29.560,27.285,2.275,2
2026-04-11,-4.000,65.000,65E,80.000,101,27.440,23.759,3.681,2
2026-04-11,-4.000,65.000,65E,100.000,101,20.570,20.091,0.479,2
2026-04-11,-4.000,65.000,65E,120.000,101,16.490,17.546,-1.056,2
2026-04-11,-4.000,65.000,65E,140.000,101,15.660,16.247,-0.587,2
2026-04-11,-4.000,65.000,65E,180.000,101,14.900,14.610,0.290,2
2026-04-11,-4.000,65.000,65E,300.000,101,11.610,11.395,0.215,2
2026-04-11,-4.000,65.000,65E,500.000,101,9.490,9.128,0.362,2
2026-04-11,-4.000,80.500,80E,1.000,101,30.430,30.454,-0.024,2
2026-04-11,-4.000,80.500,80E,10.000,101,30.100,29.896,0.204,2
2026-04-11,-4.000,80.500,80E,20.000,101,30.030,29.741,0.289,2
2026-04-11,-4.000,80.500,80E,40.000,101,29.760,26.890,2.870,2
2026-04-11,-4.000,80.500,80E,60.000,101,27.740,24.556,3.184,2
2026-04-11,-4.000,80.500,80E,80.000,101,25.180,22.260,2.920,2
2026-04-11,-4.000,80.500,80E,100.000,101,22.110,19.779,2.331,2
2026-04-11,-4.000,80.500,80E,120.000,101,19.320,17.662,1.658,2
2026-04-11,-4.000,80.500,80E,140.000,101,17.810,16.205,1.605,2
2026-04-11,-4.000,80.500,80E,300.000,101,11.560,11.404,0.156,2
2026-04-11,-4.000,80.500,80E,500.000,101,9.490,9.227,0.263,2
2026-04-12,-4.000,65.000,65E,10.000,102,30.100,29.744,0.356,2
2026-04-12,-4.000,65.000,65E,20.000,102,29.680,29.081,0.599,2
2026-04-12,-4.000,65.000,65E,40.000,102,29.640,27.285,2.355,2
2026-04-12,-4.000,65.000,65E,80.000,102,28.100,23.759,4.341,2
2026-04-12,-4.000,65.000,65E,100.000,102,20.830,20.091,0.739,2
2026-04-12,-4.000,65.000,65E,120.000,102,17.300,17.546,-0.246,2
2026-04-12,-4.000,65.000,65E,140.000,102,16.250,16.247,0.003,2
2026-04-12,-4.000,65.000,65E,180.000,102,15.320,14.610,0.710,2
2026-04-12,-4.000,65.000,65E,300.000,102,11.710,11.395,0.315,2
2026-04-12,-4.000,65.000,65E,500.000,102,9.350,9.128,0.222,2
2026-04-12,-4.000,80.500,80E,1.000,102,30.410,30.454,-0.044,2
2026-04-12,-4.000,80.500,80E,10.000,102,30.090,29.896,0.194,2
2026-04-12,-4.000,80.500,80E,20.000,102,30.060,29.741,0.319,2
2026-04-12,-4.000,80.500,80E,40.000,102,29.620,26.890,2.730,2
2026-04-12,-4.000,80.500,80E,60.000,102,28.300,24.556,3.744,2
2026-04-12,-4.000,80.500,80E,80.000,102,25.970,22.260,3.710,2
2026-04-12,-4.000,80.500,80E,100.000,102,22.710,19.779,2.931,2
2026-04-12,-4.000,80.500,80E,120.000,102,20.080,17.662,2.418,2
2026-04-12,-4.000,80.500,80E,140.000,102,18.330,16.205,2.125,2
2026-04-12,-4.000,80.500,80E,300.000,102,11.510,11.404,0.106,2
2026-04-12,-4.000,80.500,80E,500.000,102,9.540,9.227,0.313,2
2026-04-13,-4.000,65.000,65E,10.000,103,30.020,29.744,0.276,2
2026-04-13,-4.000,65.000,65E,20.000,103,29.720,29.081,0.639,2
2026-04-13,-4.000,65.000,65E,40.000,103,29.720,27.285,2.435,2
2026-04-13,-4.000,65.000,65E,80.000,103,28.340,23.759,4.581,2
2026-04-13,-4.000,65.000,65E,100.000,103,20.530,20.091,0.439,2
2026-04-13,-4.000,65.000,65E,120.000,103,17.430,17.546,-0.116,2
2026-04-13,-4.000,65.000,65E,140.000,103,16.720,16.247,0.473,2
2026-04-13,-4.000,65.000,65E,180.000,103,15.360,14.610,0.750,2
2026-04-13,-4.000,65.000,65E,300.000,103,11.550,11.395,0.155,2
2026-04-13,-4.000,65.000,65E,500.000,103,9.410,9.128,0.282,2
2026-04-13,-4.000,80.500,80E,1.000,103,30.430,30.454,-0.024,2
2026-04-13,-4.000,80.500,80E,10.000,103,30.090,29.896,0.194,2
2026-04-13,-4.000,80.500,80E,20.000,103,30.030,29.741,0.289,2
2026-04-13,-4.000,80.500,80E,40.000,103,29.540,26.890,2.650,2
2026-04-13,-4.000,80.500,80E,60.000,103,28.540,24.556,3.984,2
2026-04-13,-4.000,80.500,80E,80.000,103,26.600,22.260,4.340,2
2026-04-13,-4.000,80.500,80E,100.000,103,23.240,19.779,3.461,2
2026-04-13,-4.000,80.500,80E,120.000,103,20.430,17.662,2.768,2
2026-04-13,-4.000,80.500,80E,140.000,103,18.280,16.205,2.075,2
2026-04-13,-4.000,80.500,80E,300.000,103,11.500,11.404,0.096,2
2026-04-13,-4.000,80.500,80E,500.000,103,9.520,9.227,0.293,2
2026-04-14,-4.000,65.000,65E,10.000,104,30.140,29.744,0.396,2
2026-04-14,-4.000,65.000,65E,20.000,104,29.910,29.081,0.829,2
2026-04-14,-4.000,65.000,65E,40.000,104,29.900,27.285,2.615,2
2026-04-14,-4.000,65.000,65E,80.000,104,28.730,23.759,4.971,2
2026-04-14,-4.000,65.000,65E,100.000,104,23.300,20.091,3.209,2
2026-04-14,-4.000,65.000,65E,120.000,104,17.760,17.546,0.214,2
2026-04-14,-4.000,65.000,65E,140.000,104,16.850,16.247,0.603,2
2026-04-14,-4.000,65.000,65E,180.000,104,15.210,14.610,0.600,2
2026-04-14,-4.000,65.000,65E,300.000,104,11.390,11.395,-0.005,2
2026-04-14,-4.000,65.000,65E,500.000,104,9.440,9.128,0.312,2
2026-04-14,-4.000,80.500,80E,1.000,104,30.620,30.454,0.166,2
2026-04-14,-4.000,80.500,80E,10.000,104,30.100,29.896,0.204,2
2026-04-14,-4.000,80.500,80E,20.000,104,30.010,29.741,0.269,2
2026-04-14,-4.000,80.500,80E,40.000,104,28.960,26.890,2.070,2
2026-04-14,-4.000,80.500,80E,60.000,104,28.430,24.556,3.874,2
2026-04-14,-4.000,80.500,80E,80.000,104,25.640,22.260,3.380,2
2026-04-14,-4.000,80.500,80E,100.000,104,22.760,19.779,2.981,2
2026-04-14,-4.000,80.500,80E,120.000,104,20.550,17.662,2.888,2
2026-04-14,-4.000,80.500,80E,140.000,104,18.230,16.205,2.025,2
2026-04-14,-4.000,80.500,80E,300.000,104,11.320,11.404,-0.084,2
2026-04-14,-4.000,80.500,80E,500.000,104,9.570,9.227,0.343,2
2026-04-15,-4.000,65.000,65E,10.000,105,30.150,29.744,0.406,2
2026-04-15,-4.000,65.000,65E,20.000,105,29.980,29.081,0.899,2
2026-04-15,-4.000,65.000,65E,40.000,105,29.980,27.285,2.695,2
2026-04-15,-4.000,65.000,65E,80.000,105,28.300,23.759,4.541,2
2026-04-15,-4.000,65.000,65E,100.000,105,22.270,20.091,2.179,2
2026-04-15,-4.000,65.000,65E,120.000,105,17.830,17.546,0.284,2
2026-04-15,-4.000,65.000,65E,140.000,105,16.240,16.247,-0.007,2
2026-04-15,-4.000,65.000,65E,180.000,105,14.930,14.610,0.320,2
2026-04-15,-4.000,65.000,65E,300.000,105,11.380,11.395,-0.015,2
2026-04-15,-4.000,65.000,65E,500.000,105,9.400,9.128,0.272,2
2026-04-15,-4.000,80.500,80E,1.000,105,30.520,30.454,0.066,2
2026-04-15,-4.000,80.500,80E,10.000,105,30.150,29.896,0.254,2
2026-04-15,-4.000,80.500,80E,20.000,105,29.930,29.741,0.189,2
2026-04-15,-4.000,80.500,80E,40.000,105,29.150,26.890,2.260,2
2026-04-15,-4.000,80.500,80E,60.000,105,28.640,24.556,4.084,2
2026-04-15,-4.000,80.500,80E,80.000,105,26.510,22.260,4.250,2
2026-04-15,-4.000,80.500,80E,100.000,105,22.890,19.779,3.111,2
2026-04-15,-4.000,80.500,80E,120.000,105,19.890,17.662,2.228,2
2026-04-15,-4.000,80.500,80E,140.000,105,17.820,16.205,1.615,2
2026-04-15,-4.000,80.500,80E,300.000,105,11.400,11.404,-0.004,2
2026-04-15,-4.000,80.500,80E,500.000,105,9.300,9.227,0.073,2
2026-04-16,-4.000,65.000,65E,10.000,106,30.190,29.744,0.446,2
2026-04-16,-4.000,65.000,65E,20.000,106,29.860,29.081,0.779,2
2026-04-16,-4.000,65.000,65E,40.000,106,29.860,27.285,2.575,2
2026-04-16,-4.000,65.000,65E,80.000,106,27.480,23.759,3.721,2
2026-04-16,-4.000,65.000,65E,100.000,106,23.550,20.091,3.459,2
2026-04-16,-4.000,65.000,65E,120.000,106,17.940,17.546,0.394,2
2026-04-16,-4.000,65.000,65E,140.000,106,16.410,16.247,0.163,2
2026-04-16,-4.000,65.000,65E,180.000,106,15.060,14.610,0.450,2
2026-04-16,-4.000,65.000,65E,300.000,106,11.380,11.395,-0.015,2
2026-04-16,-4.000,65.000,65E,500.000,106,9.400,9.128,0.272,2
2026-04-16,-4.000,80.500,80E,1.000,106,30.450,30.454,-0.004,2
2026-04-16,-4.000,80.500,80E,10.000,106,30.100,29.896,0.204,2
2026-04-16,-4.000,80.500,80E,20.000,106,29.970,29.741,0.229,2
2026-04-16,-4.000,80.500,80E,40.000,106,29.260,26.890,2.370,2
2026-04-16,-4.000,80.500,80E,60.000,106,28.860,24.556,4.304,2
2026-04-16,-4.000,80.500,80E,80.000,106,26.130,22.260,3.870,2
2026-04-16,-4.000,80.500,80E,100.000,106,22.340,19.779,2.561,2
2026-04-16,-4.000,80.500,80E,120.000,106,19.590,17.662,1.928,2
2026-04-16,-4.000,80.500,80E,140.000,106,17.990,16.205,1.785,2
2026-04-16,-4.000,80.500,80E,300.000,106,11.500,11.404,0.096,2
2026-04-16,-4.000,80.500,80E,500.000,106,9.400,9.227,0.173,2
2026-04-17,-4.000,65.000,65E,10.000,107,30.220,29.744,0.476,2
2026-04-17,-4.000,65.000,65E,20.000,107,29.840,29.081,0.759,2
2026-04-17,-4.000,65.000,65E,40.000,107,29.840,27.285,2.555,2
2026-04-17,-4.000,65.000,65E,80.000,107,27.180,23.759,3.421,2
2026-04-17,-4.000,65.000,65E,100.000,107,23.070,20.091,2.979,2
2026-04-17,-4.000,65.000,65E,120.000,107,17.590,17.546,0.044,2
2026-04-17,-4.000,65.000,65E,140.000,107,16.330,16.247,0.083,2
2026-04-17,-4.000,65.000,65E,180.000,107,14.990,14.610,0.380,2
2026-04-17,-4.000,65.000,65E,300.000,107,11.410,11.395,0.015,2
2026-04-17,-4.000,65.000,65E,500.000,107,9.350,9.128,0.222,2
2026-04-17,-4.000,80.500,80E,1.000,107,30.690,30.454,0.236,2
2026-04-17,-4.000,80.500,80E,10.000,107,30.220,29.896,0.324,2
2026-04-17,-4.000,80.500,80E,20.000,107,30.110,29.741,0.369,2
2026-04-17,-4.000,80.500,80E,40.000,107,29.970,26.890,3.080,2
2026-04-17,-4.000,80.500,80E,60.000,107,29.210,24.556,4.654,2
2026-04-17,-4.000,80.500,80E,80.000,107,26.840,22.260,4.580,2
2026-04-17,-4.000,80.500,80E,100.000,107,22.870,19.779,3.091,2
2026-04-17,-4.000,80.500,80E,120.000,107,19.270,17.662,1.608,2
2026-04-17,-4.000,80.500,80E,140.000,107,17.740,16.205,1.535,2
2026-04-17,-4.000,80.500,80E,300.000,107,11.410,11.404,0.006,2
2026-04-17,-4.000,80.500,80E,500.000,107,9.370,9.227,0.143,2
2026-04-18,-4.000,65.000,65E,10.000,108,30.220,29.744,0.476,2
2026-04-18,-4.000,65.000,65E,20.000,108,29.940,29.081,0.859,2
2026-04-18,-4.000,65.000,65E,40.000,108,29.940,27.285,2.655,2
2026-04-18,-4.000,65.000,65E,80.000,108,28.010,23.759,4.251,2
2026-04-18,-4.000,65.000,65E,100.000,108,24.680,20.091,4.589,2
2026-04-18,-4.000,65.000,65E,120.000,108,18.450,17.546,0.904,2
2026-04-18,-4.000,65.000,65E,140.000,108,16.580,16.247,0.333,2
2026-04-18,-4.000,65.000,65E,180.000,108,14.680,14.610,0.070,2
2026-04-18,-4.000,65.000,65E,300.000,108,11.200,11.395,-0.195,2
2026-04-18,-4.000,65.000,65E,500.000,108,9.390,9.128,0.262,2
2026-04-18,-4.000,80.500,80E,1.000,108,30.940,30.454,0.486,2
2026-04-18,-4.000,80.500,80E,10.000,108,30.360,29.896,0.464,2
2026-04-18,-4.000,80.500,80E,20.000,108,30.110,29.741,0.369,2
2026-04-18,-4.000,80.500,80E,40.000,108,29.990,26.890,3.100,2
2026-04-18,-4.000,80.500,80E,60.000,108,29.010,24.556,4.454,2
2026-04-18,-4.000,80.500,80E,80.000,108,26.290,22.260,4.030,2
2026-04-18,-4.000,80.500,80E,100.000,108,22.960,19.779,3.181,2
2026-04-18,-4.000,80.500,80E,120.000,108,19.970,17.662,2.308,2
2026-04-18,-4.000,80.500,80E,140.000,108,18.310,16.205,2.105,2
2026-04-18,-4.000,80.500,80E,300.000,108,11.480,11.404,0.076,2
2026-04-18,-4.000,80.500,80E,500.000,108,9.520,9.227,0.293,2
2026-04-19,-4.000,65.000,65E,10.000,109,30.160,29.744,0.416,2
2026-04-19,-4.000,65.000,65E,20.000,109,29.960,29.081,0.879,2
2026-04-19,-4.000,65.000,65E,40.000,109,29.950,27.285,2.665,2
2026-04-19,-4.000,65.000,65E,80.000,109,28.650,23.759,4.891,2
2026-04-19,-4.000,65.000,65E,100.000,109,23.990,20.091,3.899,2
2026-04-19,-4.000,65.000,65E,120.000,109,18.200,17.546,0.654,2
2026-04-19,-4.000,65.000,65E,140.000,109,16.440,16.247,0.193,2
2026-04-19,-4.000,65.000,65E,180.000,109,14.820,14.610,0.210,2
2026-04-19,-4.000,65.000,65E,300.000,109,11.250,11.395,-0.145,2
2026-04-19,-4.000,65.000,65E,500.000,109,9.340,9.128,0.212,2
2026-04-19,-4.000,80.500,80E,1.000,109,30.670,30.454,0.216,2
2026-04-19,-4.000,80.500,80E,10.000,109,30.460,29.896,0.564,2
2026-04-19,-4.000,80.500,80E,20.000,109,30.120,29.741,0.379,2
2026-04-19,-4.000,80.500,80E,40.000,109,29.970,26.890,3.080,2
2026-04-19,-4.000,80.500,80E,60.000,109,28.540,24.556,3.984,2
2026-04-19,-4.000,80.500,80E,80.000,109,25.650,22.260,3.390,2
2026-04-19,-4.000,80.500,80E,100.000,109,23.010,19.779,3.231,2
2026-04-19,-4.000,80.500,80E,120.000,109,20.260,17.662,2.598,2
2026-04-19,-4.000,80.500,80E,140.000,109,18.840,16.205,2.635,2
2026-04-19,-4.000,80.500,80E,300.000,109,11.340,11.404,-0.064,2
2026-04-19,-4.000,80.500,80E,500.000,109,9.560,9.227,0.333,2
2026-04-20,-4.000,65.000,65E,10.000,110,30.190,29.744,0.446,2
2026-04-20,-4.000,65.000,65E,20.000,110,29.810,29.081,0.729,2
2026-04-20,-4.000,65.000,65E,40.000,110,29.820,27.285,2.535,2
2026-04-20,-4.000,65.000,65E,80.000,110,27.900,23.759,4.141,2
2026-04-20,-4.000,65.000,65E,100.000,110,23.570,20.091,3.479,2
2026-04-20,-4.000,65.000,65E,120.000,110,18.030,17.546,0.484,2
2026-04-20,-4.000,65.000,65E,140.000,110,15.930,16.247,-0.317,2
2026-04-20,-4.000,65.000,65E,180.000,110,14.650,14.610,0.040,2
2026-04-20,-4.000,65.000,65E,300.000,110,11.400,11.395,0.005,2
2026-04-20,-4.000,65.000,65E,500.000,110,9.290,9.128,0.162,2
2026-04-20,-4.000,80.500,80E,1.000,110,30.520,30.454,0.066,2
2026-04-20,-4.000,80.500,80E,10.000,110,30.400,29.896,0.504,2
2026-04-20,-4.000,80.500,80E,20.000,110,30.220,29.741,0.479,2
2026-04-20,-4.000,80.500,80E,40.000,110,29.970,26.890,3.080,2
2026-04-20,-4.000,80.500,80E,60.000,110,29.090,24.556,4.534,2
2026-04-20,-4.000,80.500,80E,80.000,110,26.660,22.260,4.400,2
2026-04-20,-4.000,80.500,80E,100.000,110,23.650,19.779,3.871,2
2026-04-20,-4.000,80.500,80E,120.000,110,20.700,17.662,3.038,2
2026-04-20,-4.000,80.500,80E,140.000,110,18.590,16.205,2.385,2
2026-04-20,-4.000,80.500,80E,300.000,110,11.520,11.404,0.116,2
2026-04-20,-4.000,80.500,80E,500.000,110,9.370,9.227,0.143,2
2026-04-21,-4.000,65.000,65E,10.000,111,30.290,29.744,0.546,2
2026-04-21,-4.000,65.000,65E,20.000,111,29.770,29.081,0.689,2
2026-04-21,-4.000,65.000,65E,40.000,111,29.760,27.285,2.475,2
2026-04-21,-4.000,65.000,65E,80.000,111,27.730,23.759,3.971,2
2026-04-21,-4.000,65.000,65E,100.000,111,23.000,20.091,2.909,2
2026-04-21,-4.000,65.000,65E,120.000,111,18.750,17.546,1.204,2
2026-04-21,-4.000,65.000,65E,140.000,111,16.470,16.247,0.223,2
2026-04-21,-4.000,65.000,65E,180.000,111,14.770,14.610,0.160,2
2026-04-21,-4.000,65.000,65E,300.000,111,11.450,11.395,0.055,2
2026-04-21,-4.000,65.000,65E,500.000,111,9.410,9.128,0.282,2
2026-04-21,-4.000,80.500,80E,1.000,111,30.510,30.454,0.056,2
2026-04-21,-4.000,80.500,80E,10.000,111,30.330,29.896,0.434,2
2026-04-21,-4.000,80.500,80E,20.000,111,30.260,29.741,0.519,2
2026-04-21,-4.000,80.500,80E,40.000,111,29.960,26.890,3.070,2
2026-04-21,-4.000,80.500,80E,60.000,111,29.220,24.556,4.664,2
2026-04-21,-4.000,80.500,80E,80.000,111,27.010,22.260,4.750,2
2026-04-21,-4.000,80.500,80E,100.000,111,24.160,19.779,4.381,2
2026-04-21,-4.000,80.500,80E,120.000,111,21.000,17.662,3.338,2
2026-04-21,-4.000,80.500,80E,140.000,111,18.320,16.205,2.115,2
2026-04-21,-4.000,80.500,80E,300.000,111,11.570,11.404,0.166,2
2026-04-21,-4.000,80.500,80E,500.000,111,9.490,9.227,0.263,2
2026-04-22,-4.000,65.000,65E,10.000,112,30.390,29.744,0.646,2
2026-04-22,-4.000,65.000,65E,20.000,112,29.830,29.081,0.749,2
2026-04-22,-4.000,65.000,65E,40.000,112,29.830,27.285,2.545,2
2026-04-22,-4.000,65.000,65E,80.000,112,28.690,23.759,4.931,2
2026-04-22,-4.000,65.000,65E,100.000,112,23.460,20.091,3.369,2
2026-04-22,-4.000,65.000,65E,120.000,112,18.900,17.546,1.354,2
2026-04-22,-4.000,65.000,65E,140.000,112,16.660,16.247,0.413,2
2026-04-22,-4.000,65.000,65E,180.000,112,14.770,14.610,0.160,2
2026-04-22,-4.000,65.000,65E,300.000,112,11.490,11.395,0.095,2
2026-04-22,-4.000,65.000,65E,500.000,112,9.460,9.128,0.332,2
2026-04-22,-4.000,80.500,80E,1.000,112,30.730,30.454,0.276,2
2026-04-22,-4.000,80.500,80E,10.000,112,30.400,29.896,0.504,2
2026-04-22,-4.000,80.500,80E,20.000,112,30.300,29.741,0.559,2
2026-04-22,-4.000,80.500,80E,40.000,112,29.940,26.890,3.050,2
2026-04-22,-4.000,80.500,80E,60.000,112,29.280,24.556,4.724,2
2026-04-22,-4.000,80.500,80E,80.000,112,27.180,22.260,4.920,2
2026-04-22,-4.000,80.500,80E,100.000,112,24.130,19.779,4.351,2
2026-04-22,-4.000,80.500,80E,120.000,112,20.140,17.662,2.478,2
2026-04-22,-4.000,80.500,80E,140.000,112,18.020,16.205,1.815,2
2026-04-22,-4.000,80.500,80E,300.000,112,11.530,11.404,0.126,2
2026-04-22,-4.000,80.500,80E,500.000,112,9.490,9.227,0.263,2
2026-04-23,-4.000,65.000,65E,10.000,113,30.460,29.744,0.716,2
2026-04-23,-4.000,65.000,65E,20.000,113,29.920,29.081,0.839,2
2026-04-23,-4.000,65.000,65E,40.000,113,29.910,27.285,2.625,2
2026-04-23,-4.000,65.000,65E,80.000,113,28.540,23.759,4.781,2
2026-04-23,-4.000,65.000,65E,100.000,113,23.040,20.091,2.949,2
2026-04-23,-4.000,65.000,65E,120.000,113,18.440,17.546,0.894,2
2026-04-23,-4.000,65.000,65E,140.000,113,17.080,16.247,0.833,2
2026-04-23,-4.000,65.000,65E,180.000,113,14.820,14.610,0.210,2
2026-04-23,-4.000,65.000,65E,300.000,113,11.290,11.395,-0.105,2
2026-04-23,-4.000,65.000,65E,500.000,113,9.350,9.128,0.222,2
2026-04-23,-4.000,80.500,80E,1.000,113,30.660,30.454,0.206,2
2026-04-23,-4.000,80.500,80E,10.000,113,30.480,29.896,0.584,2
2026-04-23,-4.000,80.500,80E,20.000,113,30.320,29.741,0.579,2
2026-04-23,-4.000,80.500,80E,40.000,113,29.920,26.890,3.030,2
2026-04-23,-4.000,80.500,80E,60.000,113,29.240,24.556,4.684,2
2026-04-23,-4.000,80.500,80E,80.000,113,27.220,22.260,4.960,2
2026-04-23,-4.000,80.500,80E,100.000,113,24.490,19.779,4.711,2
2026-04-23,-4.000,80.500,80E,120.000,113,20.570,17.662,2.908,2
2026-04-23,-4.000,80.500,80E,140.000,113,18.440,16.205,2.235,2
2026-04-23,-4.000,80.500,80E,300.000,113,11.480,11.404,0.076,2
2026-04-23,-4.000,80.500,80E,500.000,113,9.420,9.227,0.193,2
2026-04-24,-4.000,65.000,65E,10.000,114,30.590,29.744,0.846,2
2026-04-24,-4.000,65.000,65E,20.000,114,29.960,29.081,0.879,2
2026-04-24,-4.000,65.000,65E,40.000,114,29.980,27.285,2.695,2
2026-04-24,-4.000,65.000,65E,80.000,114,28.130,23.759,4.371,2
2026-04-24,-4.000,65.000,65E,100.000,114,22.310,20.091,2.219,2
2026-04-24,-4.000,65.000,65E,120.000,114,18.590,17.546,1.044,2
2026-04-24,-4.000,65.000,65E,140.000,114,16.970,16.247,0.723,2
2026-04-24,-4.000,65.000,65E,180.000,114,14.860,14.610,0.250,2
2026-04-24,-4.000,65.000,65E,300.000,114,11.530,11.395,0.135,2
2026-04-24,-4.000,65.000,65E,500.000,114,9.320,9.128,0.192,2
2026-04-24,-4.000,80.500,80E,1.000,114,30.550,30.454,0.096,2
2026-04-24,-4.000,80.500,80E,10.000,114,30.500,29.896,0.604,2
2026-04-24,-4.000,80.500,80E,20.000,114,30.290,29.741,0.549,2
2026-04-24,-4.000,80.500,80E,40.000,114,30.020,26.890,3.130,2
2026-04-24,-4.000,80.500,80E,60.000,114,28.750,24.556,4.194,2
2026-04-24,-4.000,80.500,80E,80.000,114,25.980,22.260,3.720,2
2026-04-24,-4.000,80.500,80E,100.000,114,23.040,19.779,3.261,2
2026-04-24,-4.000,80.500,80E,120.000,114,20.470,17.662,2.808,2
2026-04-24,-4.000,80.500,80E,140.000,114,18.490,16.205,2.285,2
2026-04-24,-4.000,80.500,80E,300.000,114,11.370,11.404,-0.034,2
2026-04-24,-4.000,80.500,80E,500.000,114,9.480,9.227,0.253,2
2026-04-25,-4.000,65.000,65E,10.000,115,30.700,29.744,0.956,2
2026-04-25,-4.000,65.000,65E,40.000,115,30.070,27.285,2.785,2
2026-04-25,-4.000,65.000,65E,80.000,115,27.700,23.759,3.941,2
2026-04-25,-4.000,65.000,65E,100.000,115,21.980,20.091,1.889,2
2026-04-25,-4.000,65.000,65E,120.000,115,18.310,17.546,0.764,2
2026-04-25,-4.000,65.000,65E,140.000,115,16.720,16.247,0.473,2
2026-04-25,-4.000,65.000,65E,180.000,115,14.680,14.610,0.070,2
2026-04-25,-4.000,65.000,65E,300.000,115,11.670,11.395,0.275,2
2026-04-25,-4.000,65.000,65E,500.000,115,9.390,9.128,0.262,2
2026-04-25,-4.000,80.500,80E,1.000,115,31.110,30.454,0.656,2
2026-04-25,-4.000,80.500,80E,10.000,115,30.540,29.896,0.644,2
2026-04-25,-4.000,80.500,80E,20.000,115,30.350,29.741,0.609,2
2026-04-25,-4.000,80.500,80E,40.000,115,30.100,26.890,3.210,2
2026-04-25,-4.000,80.500,80E,60.000,115,29.430,24.556,4.874,2
2026-04-25,-4.000,80.500,80E,80.000,115,26.480,22.260,4.220,2
2026-04-25,-4.000,80.500,80E,100.000,115,23.720,19.779,3.941,2
2026-04-25,-4.000,80.500,80E,120.000,115,20.900,17.662,3.238,2
2026-04-25,-4.000,80.500,80E,140.000,115,18.920,16.205,2.715,2
2026-04-25,-4.000,80.500,80E,300.000,115,11.390,11.404,-0.014,2
2026-04-25,-4.000,80.500,80E,500.000,115,9.430,9.227,0.203,2
2026-04-26,-4.000,65.000,65E,10.000,116,30.990,29.744,1.246,2
2026-04-26,-4.000,65.000,65E,40.000,116,30.180,27.285,2.895,2
2026-04-26,-4.000,65.000,65E,80.000,116,28.810,23.759,5.051,2
2026-04-26,-4.000,65.000,65E,100.000,116,23.140,20.091,3.049,2
2026-04-26,-4.000,65.000,65E,120.000,116,19.010,17.546,1.464,2
2026-04-26,-4.000,65.000,65E,140.000,116,16.700,16.247,0.453,2
2026-04-26,-4.000,65.000,65E,180.000,116,14.920,14.610,0.310,2
2026-04-26,-4.000,65.000,65E,300.000,116,11.230,11.395,-0.165,2
2026-04-26,-4.000,65.000,65E,500.000,116,9.370,9.128,0.242,2
2026-04-26,-4.000,80.500,80E,1.000,116,30.410,30.454,-0.044,2
2026-04-26,-4.000,80.500,80E,10.000,116,30.570,29.896,0.674,2
2026-04-26,-4.000,80.500,80E,20.000,116,30.290,29.741,0.549,2
2026-04-26,-4.000,80.500,80E,40.000,116,30.110,26.890,3.220,2
2026-04-26,-4.000,80.500,80E,60.000,116,29.350,24.556,4.794,2
2026-04-26,-4.000,80.500,80E,80.000,116,26.760,22.260,4.500,2
2026-04-26,-4.000,80.500,80E,100.000,116,23.750,19.779,3.971,2
2026-04-26,-4.000,80.500,80E,120.000,116,21.190,17.662,3.528,2
2026-04-26,-4.000,80.500,80E,140.000,116,18.700,16.205,2.495,2
2026-04-26,-4.000,80.500,80E,300.000,116,11.440,11.404,0.036,2
2026-04-26,-4.000,80.500,80E,500.000,116,9.520,9.227,0.293,2
2026-04-27,-4.000,65.000,65E,10.000,117,30.930,29.744,1.186,2
2026-04-27,-4.000,65.000,65E,40.000,117,30.230,27.285,2.945,2
2026-04-27,-4.000,65.000,65E,80.000,117,28.580,23.759,4.821,2
2026-04-27,-4.000,65.000,65E,100.000,117,23.200,20.091,3.109,2
2026-04-27,-4.000,65.000,65E,120.000,117,18.460,17.546,0.914,2
2026-04-27,-4.000,65.000,65E,140.000,117,16.480,16.247,0.233,2
2026-04-27,-4.000,65.000,65E,180.000,117,14.490,14.610,-0.120,2
2026-04-27,-4.000,65.000,65E,300.000,117,11.320,11.395,-0.075,2
2026-04-27,-4.000,65.000,65E,500.000,117,9.280,9.128,0.152,2
2026-04-27,-4.000,80.500,80E,1.000,117,30.730,30.454,0.276,2
2026-04-27,-4.000,80.500,80E,10.000,117,30.480,29.896,0.584,2
2026-04-27,-4.000,80.500,80E,20.000,117,30.380,29.741,0.639,2
2026-04-27,-4.000,80.500,80E,40.000,117,30.110,26.890,3.220,2
2026-04-27,-4.000,80.500,80E,60.000,117,28.550,24.556,3.994,2
2026-04-27,-4.000,80.500,80E,80.000,117,27.040,22.260,4.780,2
2026-04-27,-4.000,80.500,80E,100.000,117,23.870,19.779,4.091,2
2026-04-27,-4.000,80.500,80E,120.000,117,20.640,17.662,2.978,2
2026-04-27,-4.000,80.500,80E,140.000,117,18.080,16.205,1.875,2
2026-04-27,-4.000,80.500,80E,300.000,117,11.380,11.404,-0.024,2
2026-04-27,-4.000,80.500,80E,500.000,117,9.550,9.227,0.323,2
2026-04-28,-4.000,65.000,65E,10.000,118,30.710,29.744,0.966,2
2026-04-28,-4.000,65.000,65E,40.000,118,30.370,27.285,3.085,2
2026-04-28,-4.000,65.000,65E,80.000,118,28.480,23.759,4.721,2
2026-04-28,-4.000,65.000,65E,100.000,118,22.420,20.091,2.329,2
2026-04-28,-4.000,65.000,65E,120.000,118,17.990,17.546,0.444,2
2026-04-28,-4.000,65.000,65E,140.000,118,16.330,16.247,0.083,2
2026-04-28,-4.000,65.000,65E,180.000,118,14.440,14.610,-0.170,2
2026-04-28,-4.000,65.000,65E,300.000,118,11.410,11.395,0.015,2
2026-04-28,-4.000,65.000,65E,500.000,118,9.200,9.128,0.072,2
2026-04-28,-4.000,80.500,80E,1.000,118,30.750,30.454,0.296,2
2026-04-28,-4.000,80.500,80E,10.000,118,30.630,29.896,0.734,2
2026-04-28,-4.000,80.500,80E,20.000,118,30.400,29.741,0.659,2
2026-04-28,-4.000,80.500,80E,40.000,118,29.930,26.890,3.040,2
2026-04-28,-4.000,80.500,80E,60.000,118,28.970,24.556,4.414,2
2026-04-28,-4.000,80.500,80E,80.000,118,27.460,22.260,5.200,2
2026-04-28,-4.000,80.500,80E,100.000,118,23.900,19.779,4.121,2
2026-04-28,-4.000,80.500,80E,120.000,118,20.530,17.662,2.868,2
2026-04-28,-4.000,80.500,80E,140.000,118,18.220,16.205,2.015,2
2026-04-28,-4.000,80.500,80E,300.000,118,11.290,11.404,-0.114,2
2026-04-28,-4.000,80.500,80E,500.000,118,9.470,9.227,0.243,2
2026-04-29,-4.000,65.000,65E,10.000,119,30.460,29.744,0.716,2
2026-04-29,-4.000,65.000,65E,80.000,119,28.230,23.759,4.471,2
2026-04-29,-4.000,65.000,65E,100.000,119,22.620,20.091,2.529,2
2026-04-29,-4.000,65.000,65E,120.000,119,17.940,17.546,0.394,2
2026-04-29,-4.000,65.000,65E,140.000,119,16.400,16.247,0.153,2
2026-04-29,-4.000,65.000,65E,180.000,119,14.470,14.610,-0.140,2
2026-04-29,-4.000,65.000,65E,300.000,119,11.280,11.395,-0.115,2
2026-04-29,-4.000,65.000,65E,500.000,119,9.130,9.128,0.002,2
2026-04-29,-4.000,80.500,80E,1.000,119,30.900,30.454,0.446,2
2026-04-29,-4.000,80.500,80E,10.000,119,30.650,29.896,0.754,2
2026-04-29,-4.000,80.500,80E,20.000,119,30.410,29.741,0.669,2
2026-04-29,-4.000,80.500,80E,40.000,119,30.200,26.890,3.310,2
2026-04-29,-4.000,80.500,80E,60.000,119,29.360,24.556,4.804,2
2026-04-29,-4.000,80.500,80E,80.000,119,28.090,22.260,5.830,2
2026-04-29,-4.000,80.500,80E,100.000,119,24.110,19.779,4.331,2
2026-04-29,-4.000,80.500,80E,120.000,119,21.370,17.662,3.708,2
2026-04-29,-4.000,80.500,80E,140.000,119,18.540,16.205,2.335,2
2026-04-29,-4.000,80.500,80E,300.000,119,11.410,11.404,0.006,2
2026-04-29,-4.000,80.500,80E,500.000,119,9.480,9.227,0.253,2
2026-04-30,-4.000,65.000,65E,10.000,120,30.200,29.744,0.456,2
2026-04-30,-4.000,65.000,65E,40.000,120,29.550,27.285,2.265,2
2026-04-30,-4.000,65.000,65E,80.000,120,27.950,23.759,4.191,2
2026-04-30,-4.000,65.000,65E,100.000,120,21.430,20.091,1.339,2
2026-04-30,-4.000,65.000,65E,120.000,120,17.450,17.546,-0.096,2
2026-04-30,-4.000,65.000,65E,140.000,120,15.800,16.247,-0.447,2
2026-04-30,-4.000,65.000,65E,180.000,120,14.250,14.610,-0.360,2
2026-04-30,-4.000,65.000,65E,300.000,120,11.300,11.395,-0.095,2
2026-04-30,-4.000,65.000,65E,500.000,120,9.150,9.128,0.022,2
2026-04-30,-4.000,80.500,80E,1.000,120,30.710,30.454,0.256,2
2026-04-30,-4.000,80.500,80E,10.000,120,30.670,29.896,0.774,2
2026-04-30,-4.000,80.500,80E,20.000,120,30.360,29.741,0.619,2
2026-04-30,-4.000,80.500,80E,40.000,120,30.030,26.890,3.140,2
2026-04-30,-4.000,80.500,80E,60.000,120,29.340,24.556,4.784,2
2026-04-30,-4.000,80.500,80E,80.000,120,27.560,22.260,5.300,2
2026-04-30,-4.000,80.500,80E,100.000,120,24.030,19.779,4.251,2
2026-04-30,-4.000,80.500,80E,120.000,120,21.800,17.662,4.138,2
2026-04-30,-4.000,80.500,80E,140.000,120,18.110,16.205,1.905,2
2026-04-30,-4.000,80.500,80E,300.000,120,11.400,11.404,-0.004,2
2026-04-30,-4.000,80.500,80E,500.000,120,9.570,9.227,0.343,2
2026-05-01,-4.000,65.000,65E,10.000,121,30.280,29.744,0.536,2
2026-05-01,-4.000,65.000,65E,40.000,121,29.490,27.285,2.205,2
2026-05-01,-4.000,65.000,65E,80.000,121,28.060,23.759,4.301,2
2026-05-01,-4.000,65.000,65E,100.000,121,21.860,20.091,1.769,2
2026-05-01,-4.000,65.000,65E,120.000,121,17.180,17.546,-0.366,2
2026-05-01,-4.000,65.000,65E,140.000,121,15.770,16.247,-0.477,2
2026-05-01,-4.000,65.000,65E,180.000,121,14.250,14.610,-0.360,2
2026-05-01,-4.000,65.000,65E,300.000,121,11.290,11.395,-0.105,2
2026-05-01,-4.000,65.000,65E,500.000,121,9.110,9.128,-0.018,2
2026-05-01,-4.000,80.500,80E,1.000,121,30.760,30.454,0.306,2
2026-05-01,-4.000,80.500,80E,10.000,121,30.580,29.896,0.684,2
2026-05-01,-4.000,80.500,80E,20.000,121,30.540,29.741,0.799,2
2026-05-01,-4.000,80.500,80E,40.000,121,29.250,26.890,2.360,2
2026-05-01,-4.000,80.500,80E,60.000,121,28.590,24.556,4.034,2
2026-05-01,-4.000,80.500,80E,80.000,121,26.790,22.260,4.530,2
2026-05-01,-4.000,80.500,80E,100.000,121,24.270,19.779,4.491,2
2026-05-01,-4.000,80.500,80E,120.000,121,21.410,17.662,3.748,2
2026-05-01,-4.000,80.500,80E,140.000,121,18.700,16.205,2.495,2
2026-05-01,-4.000,80.500,80E,300.000,121,11.290,11.404,-0.114,2
2026-05-01,-4.000,80.500,80E,500.000,121,9.550,9.227,0.323,2
2026-05-02,-4.000,65.000,65E,10.000,122,30.190,29.744,0.446,2
2026-05-02,-4.000,65.000,65E,40.000,122,29.420,27.285,2.135,2
2026-05-02,-4.000,65.000,65E,80.000,122,27.650,23.759,3.891,2
2026-05-02,-4.000,65.000,65E,100.000,122,21.800,20.091,1.709,2
2026-05-02,-4.000,65.000,65E,120.000,122,17.260,17.546,-0.286,2
2026-05-02,-4.000,65.000,65E,140.000,122,15.670,16.247,-0.577,2
2026-05-02,-4.000,65.000,65E,180.000,122,14.300,14.610,-0.310,2
2026-05-02,-4.000,65.000,65E,300.000,122,11.240,11.395,-0.155,2
2026-05-02,-4.000,65.000,65E,500.000,122,9.170,9.128,0.042,2
2026-05-02,-4.000,80.500,80E,1.000,122,30.650,30.454,0.196,2
2026-05-02,-4.000,80.500,80E,10.000,122,30.600,29.896,0.704,2
2026-05-02,-4.000,80.500,80E,20.000,122,30.520,29.741,0.779,2
2026-05-02,-4.000,80.500,80E,40.000,122,29.320,26.890,2.430,2
2026-05-02,-4.000,80.500,80E,60.000,122,28.700,24.556,4.144,2
2026-05-02,-4.000,80.500,80E,80.000,122,27.360,22.260,5.100,2
2026-05-02,-4.000,80.500,80E,100.000,122,25.240,19.779,5.461,2
2026-05-02,-4.000,80.500,80E,120.000,122,21.860,17.662,4.198,2
2026-05-02,-4.000,80.500,80E,140.000,122,18.680,16.205,2.475,2
2026-05-02,-4.000,80.500,80E,300.000,122,11.420,11.404,0.016,2
2026-05-02,-4.000,80.500,80E,500.000,122,9.560,9.227,0.333,2
2026-05-03,-4.000,65.000,65E,10.000,123,30.190,29.744,0.446,2
2026-05-03,-4.000,65.000,65E,40.000,123,29.160,27.285,1.875,2
2026-05-03,-4.000,65.000,65E,80.000,123,27.270,23.759,3.511,2
2026-05-03,-4.000,65.000,65E,100.000,123,22.740,20.091,2.649,2
2026-05-03,-4.000,65.000,65E,120.000,123,17.730,17.546,0.184,2
2026-05-03,-4.000,65.000,65E,140.000,123,15.760,16.247,-0.487,2
2026-05-03,-4.000,65.000,65E,180.000,123,14.070,14.610,-0.540,2
2026-05-03,-4.000,65.000,65E,300.000,123,11.200,11.395,-0.195,2
2026-05-03,-4.000,65.000,65E,500.000,123,9.120,9.128,-0.008,2
2026-05-03,-4.000,80.500,80E,1.000,123,30.480,30.454,0.026,2
2026-05-03,-4.000,80.500,80E,10.000,123,30.460,29.896,0.564,2
2026-05-03,-4.000,80.500,80E,20.000,123,30.410,29.741,0.669,2
2026-05-03,-4.000,80.500,80E,40.000,123,29.190,26.890,2.300,2
2026-05-03,-4.000,80.500,80E,60.000,123,28.520,24.556,3.964,2
2026-05-03,-4.000,80.500,80E,80.000,123,26.970,22.260,4.710,2
2026-05-03,-4.000,80.500,80E,100.000,123,25.090,19.779,5.311,2
2026-05-03,-4.000,80.500,80E,120.000,123,21.430,17.662,3.768,2
2026-05-03,-4.000,80.500,80E,140.000,123,18.630,16.205,2.425,2
2026-05-03,-4.000,80.500,80E,300.000,123,11.470,11.404,0.066,2
2026-05-03,-4.000,80.500,80E,500.000,123,9.570,9.227,0.343,2
2026-05-04,-4.000,65.000,65E,10.000,124,30.090,29.744,0.346,2
2026-05-04,-4.000,65.000,65E,40.000,124,28.880,27.285,1.595,2
2026-05-04,-4.000,65.000,65E,80.000,124,27.180,23.759,3.421,2
2026-05-04,-4.000,65.000,65E,100.000,124,24.340,20.091,4.249,2
2026-05-04,-4.000,65.000,65E,120.000,124,18.500,17.546,0.954,2
2026-05-04,-4.000,65.000,65E,140.000,124,15.770,16.247,-0.477,2
2026-05-04,-4.000,65.000,65E,180.000,124,14.160,14.610,-0.450,2
2026-05-04,-4.000,65.000,65E,300.000,124,11.350,11.395,-0.045,2
2026-05-04,-4.000,65.000,65E,500.000,124,9.080,9.128,-0.048,2
2026-05-04,-4.000,80.500,80E,1.000,124,30.320,30.454,-0.134,2
2026-05-04,-4.000,80.500,80E,10.000,124,30.310,29.896,0.414,2
2026-05-04,-4.000,80.500,80E,20.000,124,30.290,29.741,0.549,2
2026-05-04,-4.000,80.500,80E,40.000,124,29.150,26.890,2.260,2
2026-05-04,-4.000,80.500,80E,60.000,124,28.390,24.556,3.834,2
2026-05-04,-4.000,80.500,80E,80.000,124,26.850,22.260,4.590,2
2026-05-04,-4.000,80.500,80E,100.000,124,24.970,19.779,5.191,2
2026-05-04,-4.000,80.500,80E,120.000,124,21.090,17.662,3.428,2
2026-05-04,-4.000,80.500,80E,140.000,124,18.810,16.205,2.605,2
2026-05-04,-4.000,80.500,80E,300.000,124,11.480,11.404,0.076,2
2026-05-04,-4.000,80.500,80E,500.000,124,9.550,9.227,0.323,2
2026-05-05,-4.000,65.000,65E,10.000,125,30.010,29.744,0.266,2
2026-05-05,-4.000,65.000,65E,40.000,125,29.070,27.285,1.785,2
2026-05-05,-4.000,65.000,65E,80.000,125,26.560,23.759,2.801,2
2026-05-05,-4.000,65.000,65E,100.000,125,23.970,20.091,3.879,2
2026-05-05,-4.000,65.000,65E,120.000,125,18.560,17.546,1.014,2
2026-05-05,-4.000,65.000,65E,140.000,125,16.050,16.247,-0.197,2
2026-05-05,-4.000,65.000,65E,180.000,125,14.340,14.610,-0.270,2
2026-05-05,-4.000,65.000,65E,300.000,125,11.420,11.395,0.025,2
2026-05-05,-4.000,65.000,65E,500.000,125,9.180,9.128,0.052,2
2026-05-05,-4.000,80.500,80E,1.000,125,30.240,30.454,-0.214,2
2026-05-05,-4.000,80.500,80E,10.000,125,30.270,29.896,0.374,2
2026-05-05,-4.000,80.500,80E,20.000,125,30.270,29.741,0.529,2
2026-05-05,-4.000,80.500,80E,40.000,125,29.080,26.890,2.190,2
2026-05-05,-4.000,80.500,80E,60.000,125,28.330,24.556,3.774,2
2026-05-05,-4.000,80.500,80E,80.000,125,27.060,22.260,4.800,2
2026-05-05,-4.000,80.500,80E,100.000,125,24.680,19.779,4.901,2
2026-05-05,-4.000,80.500,80E,120.000,125,20.720,17.662,3.058,2
2026-05-05,-4.000,80.500,80E,140.000,125,18.580,16.205,2.375,2
2026-05-05,-4.000,80.500,80E,300.000,125,11.360,11.404,-0.044,2
2026-05-05,-4.000,80.500,80E,500.000,125,9.570,9.227,0.343,2
2026-05-06,-12.000,65.000,65E,1.000,126,29.420,29.375,0.045,2
2026-05-06,-12.000,65.000,65E,10.000,126,29.410,29.744,-0.334,2
2026-05-06,-12.000,65.000,65E,20.000,126,29.400,29.081,0.319,2
2026-05-06,-12.000,65.000,65E,40.000,126,26.700,27.285,-0.585,2
2026-05-06,-12.000,65.000,65E,60.000,126,22.470,21.916,0.554,2
2026-05-06,-12.000,65.000,65E,80.000,126,20.120,23.759,-3.639,2
2026-05-06,-12.000,65.000,65E,100.000,126,18.450,20.091,-1.641,2
2026-05-06,-12.000,65.000,65E,120.000,126,17.400,17.546,-0.146,2
2026-05-06,-12.000,65.000,65E,140.000,126,16.310,16.247,0.063,2
2026-05-06,-12.000,65.000,65E,180.000,126,14.190,14.610,-0.420,2
2026-05-06,-12.000,65.000,65E,300.000,126,11.430,11.395,0.035,2
2026-05-06,-12.000,65.000,65E,500.000,126,9.240,9.128,0.112,2
2026-05-06,-8.000,80.500,80E,10.000,126,29.220,29.896,-0.676,2
2026-05-06,-8.000,80.500,80E,20.000,126,29.220,29.741,-0.521,2
2026-05-06,-8.000,80.500,80E,40.000,126,24.090,26.890,-2.800,2
2026-05-06,-8.000,80.500,80E,60.000,126,19.940,24.556,-4.616,2
2026-05-06,-8.000,80.500,80E,80.000,126,17.540,22.260,-4.720,2
2026-05-06,-8.000,80.500,80E,100.000,126,16.260,19.779,-3.519,2
2026-05-06,-8.000,80.500,80E,120.000,126,15.450,17.662,-2.212,2
2026-05-06,-8.000,80.500,80E,140.000,126,14.390,16.205,-1.815,2
2026-05-06,-8.000,80.500,80E,180.000,126,13.140,12.885,0.255,2
2026-05-06,-4.000,65.000,65E,10.000,126,30.100,29.744,0.356,2
2026-05-06,-4.000,65.000,65E,40.000,126,29.300,27.285,2.015,2
2026-05-06,-4.000,65.000,65E,80.000,126,26.200,23.759,2.441,2
2026-05-06,-4.000,65.000,65E,100.000,126,23.510,20.091,3.419,2
2026-05-06,-4.000,65.000,65E,120.000,126,18.410,17.546,0.864,2
2026-05-06,-4.000,65.000,65E,140.000,126,15.970,16.247,-0.277,2
2026-05-06,-4.000,65.000,65E,180.000,126,14.210,14.610,-0.400,2
2026-05-06,-4.000,65.000,65E,300.000,126,11.260,11.395,-0.135,2
2026-05-06,-4.000,65.000,65E,500.000,126,9.190,9.128,0.062,2
2026-05-06,-4.000,80.500,80E,1.000,126,30.070,30.454,-0.384,2
2026-05-06,-4.000,80.500,80E,10.000,126,30.080,29.896,0.184,2
2026-05-06,-4.000,80.500,80E,20.000,126,30.050,29.741,0.309,2
2026-05-06,-4.000,80.500,80E,40.000,126,28.990,26.890,2.100,2
2026-05-06,-4.000,80.500,80E,60.000,126,28.530,24.556,3.974,2
2026-05-06,-4.000,80.500,80E,80.000,126,27.530,22.260,5.270,2
2026-05-06,-4.000,80.500,80E,100.000,126,25.390,19.779,5.611,2
2026-05-06,-4.000,80.500,80E,120.000,126,20.650,17.662,2.988,2
2026-05-06,-4.000,80.500,80E,140.000,126,18.670,16.205,2.465,2
2026-05-06,-4.000,80.500,80E,300.000,126,11.230,11.404,-0.174,2
2026-05-06,-4.000,80.500,80E,500.000,126,9.580,9.227,0.353,2
2026-05-06,15.000,90.000,90E,1.000,126,30.550,30.187,0.363,2
2026-05-06,15.000,90.000,90E,5.000,126,30.270,29.944,0.326,2
2026-05-06,15.000,90.000,90E,10.000,126,30.140,29.784,0.356,2
2026-05-06,15.000,90.000,90E,20.000,126,29.930,29.248,0.682,2
2026-05-06,15.000,90.000,90E,40.000,126,29.740,28.436,1.304,2
2026-05-06,15.000,90.000,90E,60.000,126,29.000,27.924,1.076,2
2026-05-06,15.000,90.000,90E,80.000,126,28.760,27.414,1.346,2
2026-05-06,15.000,90.000,90E,100.000,126,28.000,26.286,1.714,2
2026-05-06,15.000,90.000,90E,120.000,126,27.650,23.291,4.359,2
2026-05-06,15.000,90.000,90E,180.000,126,18.800,15.935,2.865,2
2026-05-06,15.000,90.000,90E,300.000,126,12.030,11.692,0.338,2
2026-05-06,15.000,90.000,90E,500.000,126,10.160,9.971,0.189,2
