month,day,date,file,preliminary,nino12,nino3,nino34,nino4,grad_4_minus_12,grad_4_minus_3,grad_34_minus_12,grad_4_minus_34,nino12_clim,nino3_clim,nino34_clim,nino4_clim,nino12_anom,nino3_anom,nino34_anom,nino4_anom,nino12_anom_corrected,nino3_anom_corrected,nino34_anom_corrected,nino4_anom_corrected,tropical_mean_ssta,nino12_rssta,nino3_rssta,nino34_rssta,nino4_rssta,grad_4_12_clim,grad_4_3_clim,grad_34_12_clim,grad_4_34_clim,grad_4_12_anom,grad_4_3_anom,grad_34_12_anom,grad_4_34_anom
3,29,2026-03-29,oisst-avhrr-v02r01.20260329.nc,False,27.549257278442383,27.410249710083008,27.554439544677734,28.956592559814453,1.4073352813720703,1.5463428497314453,0.0051822662353515625,1.4021530151367188,26.353237,27.435217,27.495125,28.321445,1.1960202784423828,-0.024967289916993707,0.05931454467773278,0.6351475598144525,1.1377254316685264,0.0019741975411539103,0.07553342170758746,0.6375447721121646,0.425,0.7127254316685263,-0.4230258024588461,-0.3494665782924125,0.21254477211216466,1.9682080000000006,0.8862279999999991,1.1418880000000016,0.826319999999999,-0.5608727186279303,0.6601148497314462,-1.13670573376465,0.5758330151367197
3,30,2026-03-30,oisst-avhrr-v02r01.20260330.nc,False,27.49968910217285,27.454004287719727,27.5742244720459,28.910343170166016,1.410654067993164,1.456338882446289,0.07453536987304688,1.3361186981201172,26.375721,27.44545,27.496864,28.324347,1.123968102172853,0.00855428771972555,0.0773604720458998,0.5859961701660161,1.0656732553989965,0.03549577517787317,0.09357934907575448,0.5883933824637283,0.425,0.6406732553989964,-0.3895042248221268,-0.3314206509242455,0.1633933824637283,1.9486260000000009,0.8788969999999985,1.121143,0.8274830000000009,-0.5379719320068368,0.5774418824462906,-1.0466076301269531,0.5086356981201163
3,31,2026-03-31,oisst-avhrr-v02r01.20260331.nc,False,27.44695281982422,27.511945724487305,27.591236114501953,28.88323402404785,1.4362812042236328,1.3712882995605469,0.14428329467773438,1.2919979095458984,26.37602,27.458618,27.516047,28.333281,1.0709328198242183,0.053327724487303385,0.07518911450195276,0.5499530240478521,1.0126379730503619,0.080269211945451,0.09140799153180744,0.5523502363455642,0.425,0.5876379730503618,-0.344730788054549,-0.33359200846819254,0.12735023634556425,1.957260999999999,0.8746629999999982,1.140027,0.8172339999999991,-0.5209797957763662,0.4966252995605487,-0.9957437053222655,0.4747639095458993
4,1,2026-04-01,oisst-avhrr-v02r01.20260401.nc,False,27.45643424987793,27.557842254638672,27.607690811157227,28.854354858398438,1.3979206085205078,1.2965126037597656,0.15125656127929688,1.246664047241211,26.334335,27.470602,27.546875,28.346556,1.1220992498779303,0.08724025463867235,0.06081581115722656,0.5077988583984379,1.0638044031040739,0.11418174209681997,0.07703468818708124,0.51019607069615,0.425,0.6388044031040738,-0.31081825790318,-0.34796531181291873,0.08519607069615004,2.0122210000000003,0.8759540000000001,1.2125400000000006,0.7996809999999996,-0.6143003914794924,0.4205586037597655,-1.0612834387207037,0.4469830472412113
4,2,2026-04-02,oisst-avhrr-v02r01.20260402.nc,False,27.4781551361084,27.585063934326172,27.62940216064453,28.89496421813965,1.41680908203125,1.3099002838134766,0.1512470245361328,1.2655620574951172,26.267117,27.490599,27.565357,28.339336,1.2110381361083995,0.09446493432617231,0.06404516064453247,0.555628218139649,1.152743289334543,0.12140642178431993,0.08026403767438715,0.5580254304373612,0.425,0.727743289334543,-0.30359357821568006,-0.3447359623256128,0.1330254304373612,2.0722190000000005,0.8487369999999999,1.2982399999999998,0.7739790000000006,-0.6554099179687505,0.4611632838134767,-1.146992975463867,0.49158305749511655
4,3,2026-04-03,oisst-avhrr-v02r01.20260403.nc,False,27.430158615112305,27.613740921020508,27.665817260742188,28.92608642578125,1.4959278106689453,1.3123455047607422,0.2356586456298828,1.2602691650390625,26.188742,27.502081,27.578608,28.343271,1.2414166151123034,0.11165992102050737,0.08720926074218838,0.5828154257812486,1.183121768338447,0.13860140847865499,0.10342813777204306,0.5852126380789607,0.425,0.7581217683384469,-0.286398591521345,-0.3215718622279569,0.16021263807896075,2.154529,0.841190000000001,1.3898659999999978,0.7646630000000023,-0.6586011893310548,0.4711555047607412,-1.154207354370115,0.4956061650390602
4,4,2026-04-04,oisst-avhrr-v02r01.20260404.nc,False,27.401683807373047,27.644317626953125,27.709678649902344,28.961217880249023,1.5595340728759766,1.3169002532958984,0.3079948425292969,1.2515392303466797,26.081345,27.50518,27.596394,28.359179,1.320338807373048,0.1391376269531257,0.11328464990234366,0.6020388802490224,1.2620439605991915,0.16607911441127332,0.12950352693219835,0.6044360925467346,0.425,0.8370439605991915,-0.25892088558872667,-0.29549647306780163,0.1794360925467346,2.277834000000002,0.8539990000000017,1.5150490000000012,0.7627850000000009,-0.7182999271240256,0.4629012532958967,-1.2070541574707043,0.48875423034667875
4,5,2026-04-05,oisst-avhrr-v02r01.20260405.nc,False,27.41445541381836,27.672380447387695,27.764238357543945,28.981836318969727,1.5673809051513672,1.3094558715820312,0.34978294372558594,1.2175979614257812,26.004057,27.520802,27.633671,28.379032,1.4103984138183598,0.15157844738769555,0.13056735754394566,0.6028043189697279,1.3521035670445034,0.17851993484584316,0.14678623457380036,0.60520153126744,0.425,0.9271035670445034,-0.24648006515415682,-0.27821376542619963,0.18020153126744004,2.374974999999999,0.8582299999999989,1.6296140000000001,0.745360999999999,-0.807594094848632,0.4512258715820323,-1.2798310562744142,0.4722369614257822
4,6,2026-04-06,oisst-avhrr-v02r01.20260406.nc,False,27.484573364257812,27.691246032714844,27.820438385009766,28.995323181152344,1.5107498168945312,1.3040771484375,0.3358650207519531,1.1748847961425781,25.93713,27.535521,27.671551,28.408987,1.5474433642578127,0.1557250327148445,0.14888738500976473,0.586336181152344,1.4891485174839563,0.18266652017299212,0.16510626203961942,0.5887333934500562,0.425,1.0641485174839562,-0.24233347982700787,-0.25989373796038057,0.16373339345005616,2.471857,0.8734660000000005,1.734421000000001,0.7374359999999989,-0.9611071831054687,0.4306111484374995,-1.398555979248048,0.43744879614257925
4,7,2026-04-07,oisst-avhrr-v02r01.20260407.nc,False,27.538185119628906,27.72458839416504,27.868501663208008,29.004640579223633,1.4664554595947266,1.2800521850585938,0.33031654357910156,1.136138916015625,25.861568,27.535709,27.690529,28.440166,1.676617119628908,0.1888793941650384,0.1779726632080063,0.5644745792236314,1.6183222728550515,0.21582088162318602,0.194191540237861,0.5668717915213436,0.425,1.1933222728550514,-0.20917911837681397,-0.23080845976213898,0.1418717915213436,2.578598000000003,0.9044570000000007,1.8289610000000032,0.7496369999999999,-1.1121425404052765,0.375595185058593,-1.4986444564209016,0.3865019160156251
4,8,2026-04-08,oisst-avhrr-v02r01.20260408.nc,False,27.507490158081055,27.767236709594727,27.903467178344727,29.013216018676758,1.5057258605957031,1.2459793090820312,0.3959770202636719,1.1097488403320312,25.789223,27.548298,27.715429,28.465843,1.718267158081055,0.2189387095947275,0.18803817834472625,0.5473730186767582,1.6599723113071985,0.24588019705287512,0.20425705537458094,0.5497702309744704,0.425,1.2349723113071984,-0.17911980294712487,-0.22074294462541905,0.12477023097447043,2.6766199999999998,0.9175450000000005,1.9262060000000005,0.7504139999999992,-1.1708941394042967,0.32843430908203075,-1.5302289797363287,0.359334840332032
4,9,2026-04-09,oisst-avhrr-v02r01.20260409.nc,False,27.48394203186035,27.816810607910156,27.883312225341797,29.058237075805664,1.5742950439453125,1.2414264678955078,0.3993701934814453,1.1749248504638672,25.736153,27.576138,27.75141,28.486599,1.74778903186035,0.240672607910156,0.13190222534179696,0.5716380758056658,1.6894941850864935,0.2676140953683036,0.14812110237165166,0.574035288103378,0.425,1.2644941850864935,-0.15738590463169638,-0.27687889762834833,0.14903528810337802,2.7504459999999966,0.910460999999998,2.0152569999999983,0.7351889999999983,-1.1761509560546841,0.33096546789550985,-1.615886806518553,0.43973585046386887
4,10,2026-04-10,oisst-avhrr-v02r01.20260410.nc,False,27.486446380615234,27.877397537231445,27.871828079223633,29.128585815429688,1.6421394348144531,1.2511882781982422,0.38538169860839844,1.2567577362060547,25.700508,27.599449,27.770863,28.48123,1.7859383806152351,0.2779485372314454,0.10096507922363429,0.6473558154296875,1.7276435338413787,0.30489002468959303,0.11718395625348897,0.6497530277273996,0.425,1.3026435338413787,-0.12010997531040696,-0.307816043746511,0.22475302772739963,2.780722000000001,0.8817810000000001,2.0703549999999993,0.7103670000000015,-1.1385825651855477,0.36940727819824204,-1.6849733013916008,0.5463907362060532
4,11,2026-04-11,oisst-avhrr-v02r01.20260411.nc,False,27.52543067932129,27.93707275390625,27.90114974975586,29.20949363708496,1.6840629577636719,1.272420883178711,0.3757190704345703,1.3083438873291016,25.659084,27.621847,27.786049,28.465883,1.866346679321289,0.31522575390625107,0.11510074975586093,0.7436106370849593,1.8080518325474326,0.3421672413643987,0.13131962678571563,0.7460078493826715,0.425,1.3830518325474326,-0.0828327586356013,-0.29368037321428436,0.3210078493826715,2.8067990000000016,0.8440360000000027,2.1269649999999984,0.6798340000000032,-1.1227360422363297,0.42838488317870826,-1.7512459295654281,0.6285098873290984
4,12,2026-04-12,oisst-avhrr-v02r01.20260412.nc,False,27.526613235473633,28.012598037719727,28.016075134277344,29.31624412536621,1.7896308898925781,1.3036460876464844,0.48946189880371094,1.3001689910888672,25.61393,27.62364,27.783886,28.446701,1.912683235473633,0.3889580377197248,0.23218913427734478,0.86954312536621,1.8543883886997765,0.41589952517787243,0.24840801130719947,0.8719403376639222,0.425,1.4293883886997765,-0.009100474822127558,-0.17659198869280052,0.4469403376639222,2.832771000000001,0.8230609999999992,2.169955999999999,0.6628150000000019,-1.043140110107423,0.4805850876464852,-1.6804941011962882,0.6373539910888653
4,13,2026-04-13,oisst-avhrr-v02r01.20260413.nc,False,27.484722137451172,28.098352432250977,28.119583129882812,29.349140167236328,1.8644180297851562,1.2507877349853516,0.6348609924316406,1.2295570373535156,25.589888,27.619209,27.775764,28.435635,1.8948341374511735,0.4791434322509751,0.3438191298828137,0.9135051672363268,1.836539290677317,0.5060849197091227,0.3600380069126684,0.915902379534039,0.425,1.411539290677317,0.08108491970912274,-0.06496199308733158,0.490902379534039,2.845747000000003,0.8164259999999999,2.1858760000000004,0.6598710000000025,-0.9813289702148467,0.4343617349853517,-1.5510150075683597,0.5696860373535131
4,14,2026-04-14,oisst-avhrr-v02r01.20260414.nc,False,27.413740158081055,28.153139114379883,28.202274322509766,29.3571720123291,1.9434318542480469,1.2040328979492188,0.7885341644287109,1.154897689819336,25.58149,27.615858,27.789803,28.441444,1.832250158081056,0.5372811143798835,0.4124713225097665,0.915728012329101,1.7739553113071995,0.5642226018380311,0.4286901995396212,0.9181252246268131,0.425,1.3489553113071995,0.1392226018380311,0.003690199539621186,0.49312522462681313,2.859954000000002,0.8255860000000013,2.2083130000000004,0.6516410000000015,-0.916522145751955,0.3784468979492175,-1.4197788355712895,0.5032566898193345
4,15,2026-04-15,oisst-avhrr-v02r01.20260415.nc,False,27.348983764648438,28.163089752197266,28.278230667114258,29.38967514038086,2.040691375732422,1.2265853881835938,0.9292469024658203,1.1114444732666016,25.575539,27.603258,27.811569,28.465,1.7734447646484384,0.5598317521972653,0.46666166711425916,0.9246751403808595,1.715149917874582,0.586773239655413,0.48288054414411385,0.9270723526785717,0.425,1.2901499178745819,0.16177323965541296,0.057880544144113866,0.5020723526785718,2.8894610000000007,0.8617419999999996,2.2360299999999995,0.6534310000000012,-0.8487696242675788,0.3648433881835942,-1.3067830975341792,0.45801347326660036
4,16,2026-04-16,oisst-avhrr-v02r01.20260416.nc,False,27.306547164916992,28.145267486572266,28.347490310668945,29.470386505126953,2.163839340209961,1.3251190185546875,1.0409431457519531,1.1228961944580078,25.536219,27.592199,27.83256,28.484455,1.770328164916993,0.5530684865722648,0.5149303106689445,0.9859315051269526,1.7120333181431366,0.5800099740304124,0.5311491876987992,0.9883287174246648,0.4392857142857143,1.2727476038574224,0.14072425974469815,0.09186347341308487,0.5490430031389505,2.9482360000000014,0.8922559999999997,2.2963410000000017,0.6518949999999997,-0.7843966597900405,0.4328630185546878,-1.2553978542480486,0.47100119445800814
4,17,2026-04-17,oisst-avhrr-v02r01.20260417.nc,False,27.315237045288086,28.153032302856445,28.403879165649414,29.52886962890625,2.213632583618164,1.3758373260498047,1.0886421203613281,1.124990463256836,25.454802,27.572992,27.833481,28.477848,1.8604350452880851,0.580040302856446,0.570398165649415,1.0510216289062484,1.8021401985142287,0.6069817903145936,0.5866170426792697,1.0534188412039605,0.45357142857142857,1.3485687699428002,0.15341036174316508,0.13304561410784116,0.5998474126325319,3.023046000000001,0.9048560000000023,2.378678999999998,0.6443670000000026,-0.8094134163818367,0.47098132604980236,-1.29003687963867,0.48062346325683336
4,18,2026-04-18,oisst-avhrr-v02r01.20260418.nc,False,27.319398880004883,28.181394577026367,28.44518280029297,29.567245483398438,2.2478466033935547,1.3858509063720703,1.125783920288086,1.1220626831054688,25.398455,27.562801,27.81208,28.479818,1.9209438800048844,0.6185935770263669,0.6331028002929671,1.0874274833984359,1.862649033231028,0.6455350644845145,0.6493216773228218,1.089824695696148,0.46785714285714286,1.394791890373885,0.17767792162737162,0.1814645344656789,0.6219675528390051,3.081363000000003,0.9170170000000013,2.4136250000000032,0.6677379999999999,-0.8335163966064485,0.468833906372069,-1.2878410797119173,0.4543246831054688
4,19,2026-04-19,oisst-avhrr-v02r01.20260419.nc,False,27.304609298706055,28.25259017944336,28.51169204711914,29.600500106811523,2.2958908081054688,1.347909927368164,1.207082748413086,1.0888080596923828,25.363869,27.550598,27.80909,28.488415,1.9407402987060536,0.7019921794433586,0.7026020471191394,1.1120851068115236,1.8824454519321971,0.7289336669015062,0.7188209241489941,1.1144823191092357,0.48214285714285715,1.40030259478934,0.24679080975864903,0.23667806700613697,0.6323394619663785,3.1245459999999987,0.937816999999999,2.445221,0.6793249999999986,-0.82865519189453,0.41009292736816505,-1.2381382515869142,0.4094830596923842
4,20,2026-04-20,oisst-avhrr-v02r01.20260420.nc,False,27.35326385498047,28.35226821899414,28.575641632080078,29.615360260009766,2.262096405029297,1.263092041015625,1.2223777770996094,1.0397186279296875,25.33473,27.528837,27.795191,28.481171,2.0185338549804683,0.8234312189941413,0.780450632080079,1.1341892600097658,1.960239008206612,0.8503727064522889,0.7966695091099337,1.136586472307478,0.49642857142857144,1.4638104367780405,0.35394413502371747,0.3002409376813623,0.6401579008789064,3.1464409999999994,0.9523340000000005,2.4604609999999987,0.6859800000000007,-0.8843445949707025,0.31075804101562454,-1.2380832229003893,0.3537386279296868
4,21,2026-04-21,oisst-avhrr-v02r01.20260421.nc,False,27.34758758544922,28.41029167175293,28.59645652770996,29.603315353393555,2.255727767944336,1.193023681640625,1.2488689422607422,1.0068588256835938,25.284523,27.512001,27.813915,28.487831,2.0630645854492187,0.8982906717529282,0.7825415277099594,1.1154843533935548,2.0047697386753622,0.9252321592110758,0.7987604047398141,1.1178815656912668,0.5107142857142857,1.4940554529610766,0.41451787349679015,0.28804611902552846,0.6071672799769812,3.203308,0.9758299999999984,2.5293920000000014,0.6739159999999984,-0.9475802320556639,0.21719368164062658,-1.2805230577392592,0.33294282568359534
4,22,2026-04-22,oisst-avhrr-v02r01.20260422.nc,False,27.25673484802246,28.442977905273438,28.612756729125977,29.5852108001709,2.3284759521484375,1.142232894897461,1.3560218811035156,0.9724540710449219,25.250811,27.513376,27.826828,28.514217,2.005923848022462,0.9296019052734366,0.7859287291259776,1.0709938001708998,1.9476290012486057,0.9565433927315842,0.8021476061558322,1.073391012468612,0.525,1.4226290012486058,0.43154339273158415,0.2771476061558322,0.5483910124686119,3.263406,1.0008409999999976,2.5760170000000002,0.6873889999999996,-0.9349300478515623,0.1413918948974633,-1.2199951188964846,0.2850650710449223
4,23,2026-04-23,oisst-avhrr-v02r01.20260423_preliminary.nc,True,26.84479522705078,28.366214752197266,28.483989715576172,29.422550201416016,2.5777549743652344,1.05633544921875,1.6391944885253906,0.9385604858398438,25.222717,27.518415,27.855274,28.547487,1.6220782270507819,0.8477997521972647,0.6287157155761705,0.8750632014160153,1.5637833802769254,0.8747412396554123,0.6449345926060251,0.8774604137137275,0.5214285714285715,1.042354808848354,0.3533126682268408,0.12350602117745368,0.35603184228515605,3.324770000000001,1.0290719999999993,2.632557000000002,0.6922129999999989,-0.7470150256347665,0.02726344921875068,-0.9933625114746114,0.2463474858398449
4,24,2026-04-24,oisst-avhrr-v02r01.20260424_preliminary.nc,True,26.598268508911133,28.400503158569336,28.551557540893555,29.427865982055664,2.8295974731445312,1.0273628234863281,1.9532890319824219,0.8763084411621094,25.201681,27.504082,27.857574,28.564419,1.3965875089111321,0.8964211585693356,0.6939835408935551,0.8634469820556632,1.3382926621372757,0.9233626460274832,0.7102024179234098,0.8658441943533753,0.5178571428571429,0.8204355192801328,0.4055055031703403,0.19234527506626686,0.34798705149623244,3.3627380000000002,1.0603370000000005,2.655892999999999,0.7068450000000013,-0.533140526855469,-0.032974176513672404,-0.7026039680175771,0.1694634411621081
4,25,2026-04-25,oisst-avhrr-v02r01.20260425_preliminary.nc,True,26.48634147644043,28.390565872192383,28.595762252807617,29.42429542541504,2.9379539489746094,1.0337295532226562,2.1094207763671875,0.8285331726074219,25.180103,27.492098,27.864475,28.581861,1.3062384764404307,0.8984678721923842,0.7312872528076184,0.8424344254150391,1.2479436296665742,0.9254093596505318,0.7475061298374731,0.8448316377127513,0.5142857142857143,0.7336579153808599,0.4111236453648175,0.23322041555175876,0.3305459234270369,3.401758000000001,1.0897630000000014,2.6843719999999998,0.7173860000000012,-0.4638040510253916,-0.05603344677734512,-0.5749512236328123,0.11114717260742069
4,26,2026-04-26,oisst-avhrr-v02r01.20260426_preliminary.nc,True,26.387332916259766,28.37274742126465,28.678964614868164,29.470640182495117,3.0833072662353516,1.0978927612304688,2.2916316986083984,0.7916755676269531,25.15082,27.470749,27.860939,28.591043,1.2365129162597661,0.901998421264647,0.8180256148681657,0.8795971824951181,1.1782180694859097,0.9289399087227946,0.8342444918980204,0.8819943947928303,0.5107142857142857,0.667503783771624,0.41822562300850896,0.32353020618373474,0.3712801090785446,3.4402229999999996,1.1202939999999977,2.710118999999999,0.7301040000000008,-0.356915733764648,-0.02240123876952893,-0.4184873013916004,0.06157156762695237
4,27,2026-04-27,oisst-avhrr-v02r01.20260427_preliminary.nc,True,26.448450088500977,28.329421997070312,28.665515899658203,29.46084213256836,3.012392044067383,1.1314201354980469,2.2170658111572266,0.7953262329101562,25.13323,27.448606,27.868273,28.616833,1.3152200885009755,0.8808159970703109,0.7972428996582046,0.8440091325683596,1.256925241727119,0.9077574845284585,0.8134617766880593,0.8464063448660718,0.5071428571428571,0.7497823845842619,0.4006146273856014,0.3063189195452022,0.3392634877232147,3.4836029999999987,1.1682269999999981,2.7350429999999974,0.7485600000000012,-0.47121095593261586,-0.03680686450195125,-0.5179771888427709,0.046766232910155026
4,28,2026-04-28,oisst-avhrr-v02r01.20260428_preliminary.nc,True,26.451576232910156,28.376203536987305,28.718780517578125,29.509199142456055,3.0576229095458984,1.13299560546875,2.2672042846679688,0.7904186248779297,25.131645,27.445633,27.887438,28.631023,1.3199312329101573,0.9305705369873039,0.8313425175781255,0.8781761424560557,1.261636386136301,0.9575120244454515,0.8475613946079802,0.8805733547537679,0.5035714285714286,0.7580649575648724,0.4539405958740229,0.34398996603655163,0.3770019261823393,3.499378,1.1853899999999982,2.7557930000000006,0.7435849999999995,-0.44175509045410166,-0.05239439453124817,-0.48858871533203185,0.04683362487793019
4,29,2026-04-29,oisst-avhrr-v02r01.20260429_preliminary.nc,True,26.33346939086914,28.412160873413086,28.79318618774414,29.624847412109375,3.2913780212402344,1.212686538696289,2.459716796875,0.8316612243652344,25.090244,27.435438,27.88378,28.627464,1.2432253908691422,0.9767228734130846,0.9094061877441391,0.9973834121093752,1.1849305440952858,1.0036643608712321,0.9256250647739938,0.9997806244070874,0.5,0.6849305440952858,0.5036643608712321,0.42562506477399376,0.49978062440708737,3.5372200000000014,1.1920259999999985,2.793536000000003,0.7436839999999982,-0.245841978759767,0.020660538696290587,-0.3338192031250031,0.08797722436523614
4,30,2026-04-30,oisst-avhrr-v02r01.20260430_preliminary.nc,True,26.2620906829834,28.48641014099121,28.90005111694336,29.657588958740234,3.395498275756836,1.1711788177490234,2.637960433959961,0.757537841796875,25.030052,27.423063,27.857075,28.609449,1.2320386829833971,1.0633471409912119,1.0429761169433611,1.048139958740233,1.1737438362095407,1.0902886284493594,1.0591949939732157,1.050537171037945,0.5023384353741497,0.671405400835391,0.5879501930752097,0.556856558599066,0.5481987356637953,3.579397,1.1863860000000024,2.827022999999997,0.7523740000000032,-0.18389872424316422,-0.015207182250978946,-0.18906256604003602,0.005163841796871793
5,1,2026-05-01,oisst-avhrr-v02r01.20260501_preliminary.nc,True,26.311473846435547,28.493175506591797,28.89757537841797,29.549489974975586,3.238016128540039,1.056314468383789,2.586101531982422,0.6519145965576172,24.963285,27.388603,27.834259,28.609793,1.3481888464355478,1.104572506591797,1.0633163784179693,0.9396969749755861,1.2898939996616914,1.1315139940499446,1.079535255447824,0.9420941872732983,0.5046768707482994,0.785217128913392,0.6268371233016452,0.5748583846995245,0.43741731652499893,3.6465080000000007,1.22119,2.8709740000000004,0.7755340000000004,-0.4084918714599617,-0.16487553161621094,-0.2848724680175785,-0.1236194034423832
5,2,2026-05-02,oisst-avhrr-v02r01.20260502_preliminary.nc,True,26.45227813720703,28.42957305908203,28.7933349609375,29.608287811279297,3.1560096740722656,1.1787147521972656,2.3410568237304688,0.8149528503417969,24.963776,27.36186,27.83304,28.623693,1.488502137207032,1.0677130590820312,0.9602949609374996,0.9845948112792975,1.4302072904331755,1.0946545465401787,0.9765138379673542,0.9869920235770097,0.5070153061224489,0.9231919843107266,0.5876392404177297,0.4694985318449053,0.4799767174545607,3.659917,1.2618329999999993,2.869264000000001,0.7906529999999989,-0.5039073259277345,-0.08311824780273369,-0.5282071762695324,0.024299850341797935
5,3,2026-05-03,oisst-avhrr-v02r01.20260503_preliminary.nc,True,26.343915939331055,28.463651657104492,28.772470474243164,29.597599029541016,3.253683090209961,1.1339473724365234,2.4285545349121094,0.8251285552978516,24.952896,27.349508,27.831553,28.633453,1.3910199393310556,1.114143657104492,0.9409174742431645,0.9641460295410162,1.3327250925571992,1.1410851445626395,0.9571363512730192,0.9665432418387284,0.5093537414965986,0.8233713510606006,0.6317314030660409,0.4477826097764206,0.4571895003421298,3.6805570000000003,1.2839449999999992,2.8786570000000005,0.8018999999999998,-0.42687390979003936,-0.1499976275634758,-0.4501024650878911,0.023228555297851727
5,4,2026-05-04,oisst-avhrr-v02r01.20260504_preliminary.nc,True,26.289796829223633,28.4708309173584,28.813886642456055,29.68471908569336,3.3949222564697266,1.213888168334961,2.524089813232422,0.8708324432373047,24.941767,27.336908,27.836569,28.637554,1.3480298292236341,1.1339229173583973,0.9773176424560539,1.0471650856933579,1.2897349824497777,1.1608644048165448,0.9935365194859086,1.04956229799107,0.5116921768707483,0.7780428055790294,0.6491722279457965,0.4818443426151603,0.5378701211203216,3.695787000000003,1.3006460000000004,2.894802000000002,0.8009850000000007,-0.30086474353027626,-0.08675783166503948,-0.3707121867675802,0.06984744323730396
5,5,2026-05-05,oisst-avhrr-v02r01.20260505_preliminary.nc,True,26.31349754333496,28.471092224121094,28.806764602661133,29.5822696685791,3.2687721252441406,1.1111774444580078,2.493267059326172,0.7755050659179688,24.927366,27.324553,27.832834,28.641333,1.3861315433349617,1.146539224121092,0.9739306026611345,0.9409366685791021,1.3278366965611053,1.1734807115792396,0.9901494796909892,0.9433338808768142,0.514030612244898,0.8138060843162073,0.6594500993343416,0.4761188674460912,0.42930326863191626,3.7139670000000002,1.3167799999999978,2.905467999999999,0.8084990000000012,-0.4451948747558596,-0.20560255554199003,-0.4122009406738272,-0.03299393408203244
5,6,2026-05-06,oisst-avhrr-v02r01.20260506_preliminary.nc,True,26.481170654296875,28.494747161865234,28.759260177612305,29.619037628173828,3.137866973876953,1.1242904663085938,2.2780895233154297,0.8597774505615234,24.907455,27.320782,27.843939,28.650902,1.5737156542968762,1.1739651618652331,0.9153211776123058,0.9681356281738296,1.5154208075230198,1.2009066493233806,0.9315400546421605,0.9705328404715418,0.5163690476190477,0.9990517599039721,0.684537601704333,0.4151710070231128,0.4541637928524941,3.7434469999999997,1.3301199999999973,2.936484,0.8069629999999997,-0.6055800261230466,-0.20582953369140355,-0.6583944766845704,0.052814450561523785
