date,lat,lon,sst
2026-05-06,-10.000,40.000,29.045
2026-05-06,-10.000,41.000,29.093
2026-05-06,-10.000,42.000,29.007
2026-05-06,-10.000,43.000,28.949
2026-05-06,-10.000,44.000,29.124
2026-05-06,-10.000,45.000,28.882
2026-05-06,-10.000,46.000,28.605
2026-05-06,-10.000,47.000,28.908
2026-05-06,-10.000,48.000,28.505
2026-05-06,-10.000,49.000,27.708
2026-05-06,-10.000,50.000,27.581
2026-05-06,-10.000,51.000,27.896
2026-05-06,-10.000,52.000,28.228
2026-05-06,-10.000,53.000,28.287
2026-05-06,-10.000,54.000,28.144
2026-05-06,-10.000,55.000,28.304
2026-05-06,-10.000,56.000,28.566
2026-05-06,-10.000,57.000,28.883
2026-05-06,-10.000,58.000,29.105
2026-05-06,-10.000,59.000,29.139
2026-05-06,-10.000,60.000,29.263
2026-05-06,-10.000,61.000,29.422
2026-05-06,-10.000,62.000,29.534
2026-05-06,-10.000,63.000,29.667
2026-05-06,-10.000,64.000,29.676
2026-05-06,-10.000,65.000,29.376
2026-05-06,-10.000,66.000,29.234
2026-05-06,-10.000,67.000,29.293
2026-05-06,-10.000,68.000,29.234
2026-05-06,-10.000,69.000,29.263
2026-05-06,-10.000,70.000,29.203
2026-05-06,-10.000,71.000,29.026
2026-05-06,-10.000,72.000,28.946
2026-05-06,-10.000,73.000,28.985
2026-05-06,-10.000,74.000,28.987
2026-05-06,-10.000,75.000,29.205
2026-05-06,-10.000,76.000,29.179
2026-05-06,-10.000,77.000,28.909
2026-05-06,-10.000,78.000,29.195
2026-05-06,-10.000,79.000,29.277
2026-05-06,-10.000,80.000,29.236
2026-05-06,-10.000,81.000,28.951
2026-05-06,-10.000,82.000,28.811
2026-05-06,-10.000,83.000,28.904
2026-05-06,-10.000,84.000,28.876
2026-05-06,-10.000,85.000,28.671
2026-05-06,-10.000,86.000,28.526
2026-05-06,-10.000,87.000,28.658
2026-05-06,-10.000,88.000,28.497
2026-05-06,-10.000,89.000,28.508
2026-05-06,-10.000,90.000,28.569
2026-05-06,-10.000,91.000,28.901
2026-05-06,-10.000,92.000,28.947
2026-05-06,-10.000,93.000,28.980
2026-05-06,-10.000,94.000,29.412
2026-05-06,-10.000,95.000,29.923
2026-05-06,-10.000,96.000,29.595
2026-05-06,-10.000,97.000,29.406
2026-05-06,-10.000,98.000,29.449
2026-05-06,-10.000,99.000,29.349
2026-05-06,-10.000,100.000,29.437
2026-05-06,-10.000,101.000,29.580
2026-05-06,-10.000,102.000,29.760
2026-05-06,-10.000,103.000,29.729
2026-05-06,-10.000,104.000,29.614
2026-05-06,-10.000,105.000,29.336
2026-05-06,-10.000,106.000,29.224
2026-05-06,-10.000,107.000,29.288
2026-05-06,-10.000,108.000,29.191
2026-05-06,-10.000,109.000,29.105
2026-05-06,-10.000,110.000,29.006
2026-05-06,-10.000,111.000,28.951
2026-05-06,-10.000,112.000,28.879
2026-05-06,-10.000,113.000,28.531
2026-05-06,-10.000,114.000,28.238
2026-05-06,-10.000,115.000,28.072
2026-05-06,-10.000,116.000,28.287
2026-05-06,-10.000,117.000,28.239
2026-05-06,-10.000,118.000,28.068
2026-05-06,-10.000,119.000,28.346
2026-05-06,-10.000,120.000,28.253
2026-05-06,-10.000,121.000,28.256
2026-05-06,-10.000,122.000,28.429
2026-05-06,-10.000,123.000,28.694
2026-05-06,-10.000,124.000,28.581
2026-05-06,-10.000,125.000,28.754
2026-05-06,-10.000,126.000,28.841
2026-05-06,-10.000,127.000,28.763
2026-05-06,-10.000,128.000,28.710
2026-05-06,-10.000,129.000,28.692
2026-05-06,-10.000,130.000,28.713
2026-05-06,-10.000,131.000,28.721
2026-05-06,-10.000,132.000,28.679
2026-05-06,-10.000,133.000,28.577
2026-05-06,-10.000,134.000,28.568
2026-05-06,-10.000,135.000,28.449
2026-05-06,-10.000,136.000,28.331
2026-05-06,-10.000,137.000,28.349
2026-05-06,-10.000,138.000,28.287
2026-05-06,-10.000,139.000,28.387
2026-05-06,-10.000,140.000,28.418
2026-05-06,-10.000,141.000,28.102
2026-05-06,-10.000,142.000,27.766
2026-05-06,-10.000,143.000,27.693
2026-05-06,-10.000,144.000,27.363
2026-05-06,-10.000,145.000,27.297
2026-05-06,-10.000,146.000,27.571
2026-05-06,-10.000,147.000,27.676
2026-05-06,-10.000,148.000,27.571
2026-05-06,-10.000,149.000,27.590
2026-05-06,-10.000,150.000,28.473
2026-05-06,-10.000,151.000,28.087
2026-05-06,-10.000,152.000,28.004
2026-05-06,-10.000,153.000,28.000
2026-05-06,-10.000,154.000,27.783
2026-05-06,-10.000,155.000,28.667
2026-05-06,-10.000,156.000,29.122
2026-05-06,-10.000,157.000,28.919
2026-05-06,-10.000,158.000,28.825
2026-05-06,-10.000,159.000,28.928
2026-05-06,-10.000,160.000,29.258
2026-05-06,-10.000,161.000,29.638
2026-05-06,-10.000,162.000,29.887
2026-05-06,-10.000,163.000,29.878
2026-05-06,-10.000,164.000,29.631
2026-05-06,-10.000,165.000,29.607
2026-05-06,-10.000,166.000,29.913
2026-05-06,-10.000,167.000,29.959
2026-05-06,-10.000,168.000,29.941
2026-05-06,-10.000,169.000,29.893
2026-05-06,-10.000,170.000,30.014
2026-05-06,-10.000,171.000,30.171
2026-05-06,-10.000,172.000,30.074
2026-05-06,-10.000,173.000,29.997
2026-05-06,-10.000,174.000,29.866
2026-05-06,-10.000,175.000,30.112
2026-05-06,-10.000,176.000,30.237
2026-05-06,-10.000,177.000,30.405
2026-05-06,-10.000,178.000,30.446
2026-05-06,-10.000,179.000,30.415
2026-05-06,-10.000,180.000,30.359
2026-05-06,-9.000,39.000,29.150
2026-05-06,-9.000,40.000,29.020
2026-05-06,-9.000,41.000,28.894
2026-05-06,-9.000,42.000,28.989
2026-05-06,-9.000,43.000,28.849
2026-05-06,-9.000,44.000,28.822
2026-05-06,-9.000,45.000,28.666
2026-05-06,-9.000,46.000,29.004
2026-05-06,-9.000,47.000,29.131
2026-05-06,-9.000,48.000,29.185
2026-05-06,-9.000,49.000,28.826
2026-05-06,-9.000,50.000,28.236
2026-05-06,-9.000,51.000,28.219
2026-05-06,-9.000,52.000,28.186
2026-05-06,-9.000,53.000,27.910
2026-05-06,-9.000,54.000,27.885
2026-05-06,-9.000,55.000,28.147
2026-05-06,-9.000,56.000,28.629
2026-05-06,-9.000,57.000,29.003
2026-05-06,-9.000,58.000,29.358
2026-05-06,-9.000,59.000,29.480
2026-05-06,-9.000,60.000,29.583
2026-05-06,-9.000,61.000,29.818
2026-05-06,-9.000,62.000,29.852
2026-05-06,-9.000,63.000,29.703
2026-05-06,-9.000,64.000,29.757
2026-05-06,-9.000,65.000,29.789
2026-05-06,-9.000,66.000,29.706
2026-05-06,-9.000,67.000,29.674
2026-05-06,-9.000,68.000,29.559
2026-05-06,-9.000,69.000,29.593
2026-05-06,-9.000,70.000,29.698
2026-05-06,-9.000,71.000,29.723
2026-05-06,-9.000,72.000,29.456
2026-05-06,-9.000,73.000,29.449
2026-05-06,-9.000,74.000,29.464
2026-05-06,-9.000,75.000,29.579
2026-05-06,-9.000,76.000,29.383
2026-05-06,-9.000,77.000,28.909
2026-05-06,-9.000,78.000,28.999
2026-05-06,-9.000,79.000,29.190
2026-05-06,-9.000,80.000,29.368
2026-05-06,-9.000,81.000,29.071
2026-05-06,-9.000,82.000,29.053
2026-05-06,-9.000,83.000,29.146
2026-05-06,-9.000,84.000,29.034
2026-05-06,-9.000,85.000,28.871
2026-05-06,-9.000,86.000,28.933
2026-05-06,-9.000,87.000,29.028
2026-05-06,-9.000,88.000,28.837
2026-05-06,-9.000,89.000,28.734
2026-05-06,-9.000,90.000,29.306
2026-05-06,-9.000,91.000,29.226
2026-05-06,-9.000,92.000,29.263
2026-05-06,-9.000,93.000,29.330
2026-05-06,-9.000,94.000,29.440
2026-05-06,-9.000,95.000,29.916
2026-05-06,-9.000,96.000,29.813
2026-05-06,-9.000,97.000,29.545
2026-05-06,-9.000,98.000,29.434
2026-05-06,-9.000,99.000,29.424
2026-05-06,-9.000,100.000,29.602
2026-05-06,-9.000,101.000,29.677
2026-05-06,-9.000,102.000,29.738
2026-05-06,-9.000,103.000,29.809
2026-05-06,-9.000,104.000,29.768
2026-05-06,-9.000,105.000,29.599
2026-05-06,-9.000,106.000,29.423
2026-05-06,-9.000,107.000,29.462
2026-05-06,-9.000,108.000,29.341
2026-05-06,-9.000,109.000,29.110
2026-05-06,-9.000,110.000,28.934
2026-05-06,-9.000,111.000,28.768
2026-05-06,-9.000,112.000,28.739
2026-05-06,-9.000,113.000,28.502
2026-05-06,-9.000,114.000,28.045
2026-05-06,-9.000,115.000,27.928
2026-05-06,-9.000,116.000,28.462
2026-05-06,-9.000,117.000,28.242
2026-05-06,-9.000,118.000,28.168
2026-05-06,-9.000,119.000,28.173
2026-05-06,-9.000,120.000,28.235
2026-05-06,-9.000,121.000,28.406
2026-05-06,-9.000,122.000,28.692
2026-05-06,-9.000,123.000,28.593
2026-05-06,-9.000,124.000,28.607
2026-05-06,-9.000,125.000,29.001
2026-05-06,-9.000,126.000,28.717
2026-05-06,-9.000,127.000,28.616
2026-05-06,-9.000,128.000,28.589
2026-05-06,-9.000,129.000,28.682
2026-05-06,-9.000,130.000,28.708
2026-05-06,-9.000,131.000,28.715
2026-05-06,-9.000,132.000,28.514
2026-05-06,-9.000,133.000,28.465
2026-05-06,-9.000,134.000,28.487
2026-05-06,-9.000,135.000,28.402
2026-05-06,-9.000,136.000,28.250
2026-05-06,-9.000,137.000,28.176
2026-05-06,-9.000,138.000,28.171
2026-05-06,-9.000,139.000,28.301
2026-05-06,-9.000,140.000,28.179
2026-05-06,-9.000,141.000,27.812
2026-05-06,-9.000,142.000,27.750
2026-05-06,-9.000,143.000,27.867
2026-05-06,-9.000,144.000,27.844
2026-05-06,-9.000,145.000,27.849
2026-05-06,-9.000,146.000,28.126
2026-05-06,-9.000,147.000,28.053
2026-05-06,-9.000,148.000,29.120
2026-05-06,-9.000,149.000,29.160
2026-05-06,-9.000,150.000,28.739
2026-05-06,-9.000,151.000,28.002
2026-05-06,-9.000,152.000,27.983
2026-05-06,-9.000,153.000,28.424
2026-05-06,-9.000,154.000,28.556
2026-05-06,-9.000,155.000,28.975
2026-05-06,-9.000,156.000,29.158
2026-05-06,-9.000,157.000,28.939
2026-05-06,-9.000,158.000,28.965
2026-05-06,-9.000,159.000,29.269
2026-05-06,-9.000,160.000,29.552
2026-05-06,-9.000,161.000,29.890
2026-05-06,-9.000,162.000,30.166
2026-05-06,-9.000,163.000,29.992
2026-05-06,-9.000,164.000,29.755
2026-05-06,-9.000,165.000,29.892
2026-05-06,-9.000,166.000,30.189
2026-05-06,-9.000,167.000,30.237
2026-05-06,-9.000,168.000,29.829
2026-05-06,-9.000,169.000,29.742
2026-05-06,-9.000,170.000,29.691
2026-05-06,-9.000,171.000,29.726
2026-05-06,-9.000,172.000,30.109
2026-05-06,-9.000,173.000,30.117
2026-05-06,-9.000,174.000,30.168
2026-05-06,-9.000,175.000,30.039
2026-05-06,-9.000,176.000,30.100
2026-05-06,-9.000,177.000,30.371
2026-05-06,-9.000,178.000,30.494
2026-05-06,-9.000,179.000,30.631
2026-05-06,-9.000,180.000,30.528
2026-05-06,-8.000,39.000,29.110
2026-05-06,-8.000,40.000,29.049
2026-05-06,-8.000,41.000,28.930
2026-05-06,-8.000,42.000,29.229
2026-05-06,-8.000,43.000,29.144
2026-05-06,-8.000,44.000,29.014
2026-05-06,-8.000,45.000,28.996
2026-05-06,-8.000,46.000,29.132
2026-05-06,-8.000,47.000,29.081
2026-05-06,-8.000,48.000,28.907
2026-05-06,-8.000,49.000,29.012
2026-05-06,-8.000,50.000,28.749
2026-05-06,-8.000,51.000,28.253
2026-05-06,-8.000,52.000,28.481
2026-05-06,-8.000,53.000,28.315
2026-05-06,-8.000,54.000,28.372
2026-05-06,-8.000,55.000,28.564
2026-05-06,-8.000,56.000,28.913
2026-05-06,-8.000,57.000,29.234
2026-05-06,-8.000,58.000,29.377
2026-05-06,-8.000,59.000,29.675
2026-05-06,-8.000,60.000,29.884
2026-05-06,-8.000,61.000,29.846
2026-05-06,-8.000,62.000,29.725
2026-05-06,-8.000,63.000,29.631
2026-05-06,-8.000,64.000,29.706
2026-05-06,-8.000,65.000,29.727
2026-05-06,-8.000,66.000,29.634
2026-05-06,-8.000,67.000,29.397
2026-05-06,-8.000,68.000,29.281
2026-05-06,-8.000,69.000,29.581
2026-05-06,-8.000,70.000,29.730
2026-05-06,-8.000,71.000,29.812
2026-05-06,-8.000,72.000,29.763
2026-05-06,-8.000,73.000,29.662
2026-05-06,-8.000,74.000,29.629
2026-05-06,-8.000,75.000,29.889
2026-05-06,-8.000,76.000,29.693
2026-05-06,-8.000,77.000,29.204
2026-05-06,-8.000,78.000,29.134
2026-05-06,-8.000,79.000,29.387
2026-05-06,-8.000,80.000,29.508
2026-05-06,-8.000,81.000,29.291
2026-05-06,-8.000,82.000,29.336
2026-05-06,-8.000,83.000,29.338
2026-05-06,-8.000,84.000,29.364
2026-05-06,-8.000,85.000,29.358
2026-05-06,-8.000,86.000,29.469
2026-05-06,-8.000,87.000,29.703
2026-05-06,-8.000,88.000,29.511
2026-05-06,-8.000,89.000,29.216
2026-05-06,-8.000,90.000,30.008
2026-05-06,-8.000,91.000,29.875
2026-05-06,-8.000,92.000,29.765
2026-05-06,-8.000,93.000,29.618
2026-05-06,-8.000,94.000,29.504
2026-05-06,-8.000,95.000,29.762
2026-05-06,-8.000,96.000,29.929
2026-05-06,-8.000,97.000,29.870
2026-05-06,-8.000,98.000,29.708
2026-05-06,-8.000,99.000,29.596
2026-05-06,-8.000,100.000,29.636
2026-05-06,-8.000,101.000,29.709
2026-05-06,-8.000,102.000,29.716
2026-05-06,-8.000,103.000,29.755
2026-05-06,-8.000,104.000,29.852
2026-05-06,-8.000,105.000,29.726
2026-05-06,-8.000,106.000,29.484
2026-05-06,-8.000,107.000,29.443
2026-05-06,-8.000,108.000,29.250
2026-05-06,-8.000,109.000,29.158
2026-05-06,-8.000,110.000,28.885
2026-05-06,-8.000,111.000,28.512
2026-05-06,-8.000,112.000,28.330
2026-05-06,-8.000,113.000,29.125
2026-05-06,-8.000,114.000,29.577
2026-05-06,-8.000,115.000,29.687
2026-05-06,-8.000,116.000,29.904
2026-05-06,-8.000,117.000,29.847
2026-05-06,-8.000,118.000,29.722
2026-05-06,-8.000,119.000,29.585
2026-05-06,-8.000,120.000,29.818
2026-05-06,-8.000,121.000,29.494
2026-05-06,-8.000,122.000,29.489
2026-05-06,-8.000,123.000,29.558
2026-05-06,-8.000,124.000,29.441
2026-05-06,-8.000,125.000,29.417
2026-05-06,-8.000,126.000,29.092
2026-05-06,-8.000,127.000,28.743
2026-05-06,-8.000,128.000,28.685
2026-05-06,-8.000,129.000,28.771
2026-05-06,-8.000,130.000,28.789
2026-05-06,-8.000,131.000,28.631
2026-05-06,-8.000,132.000,28.519
2026-05-06,-8.000,133.000,28.382
2026-05-06,-8.000,134.000,28.372
2026-05-06,-8.000,135.000,28.383
2026-05-06,-8.000,136.000,28.254
2026-05-06,-8.000,137.000,28.460
2026-05-06,-8.000,138.000,28.368
2026-05-06,-8.000,139.000,28.308
2026-05-06,-8.000,140.000,28.296
2026-05-06,-8.000,144.000,27.856
2026-05-06,-8.000,145.000,28.062
2026-05-06,-8.000,146.000,28.602
2026-05-06,-8.000,148.000,29.002
2026-05-06,-8.000,149.000,29.132
2026-05-06,-8.000,150.000,28.883
2026-05-06,-8.000,151.000,28.406
2026-05-06,-8.000,152.000,28.825
2026-05-06,-8.000,153.000,29.082
2026-05-06,-8.000,154.000,29.158
2026-05-06,-8.000,155.000,29.288
2026-05-06,-8.000,156.000,29.384
2026-05-06,-8.000,157.000,29.281
2026-05-06,-8.000,158.000,29.391
2026-05-06,-8.000,159.000,29.617
2026-05-06,-8.000,160.000,29.633
2026-05-06,-8.000,161.000,29.804
2026-05-06,-8.000,162.000,29.959
2026-05-06,-8.000,163.000,29.928
2026-05-06,-8.000,164.000,30.101
2026-05-06,-8.000,165.000,30.163
2026-05-06,-8.000,166.000,30.269
2026-05-06,-8.000,167.000,29.691
2026-05-06,-8.000,168.000,29.188
2026-05-06,-8.000,169.000,29.844
2026-05-06,-8.000,170.000,29.808
2026-05-06,-8.000,171.000,30.056
2026-05-06,-8.000,172.000,30.235
2026-05-06,-8.000,173.000,30.231
2026-05-06,-8.000,174.000,30.251
2026-05-06,-8.000,175.000,30.186
2026-05-06,-8.000,176.000,30.266
2026-05-06,-8.000,177.000,30.421
2026-05-06,-8.000,178.000,30.469
2026-05-06,-8.000,179.000,30.482
2026-05-06,-8.000,180.000,30.539
2026-05-06,-7.000,39.000,28.917
2026-05-06,-7.000,40.000,28.958
2026-05-06,-7.000,41.000,28.980
2026-05-06,-7.000,42.000,29.281
2026-05-06,-7.000,43.000,29.326
2026-05-06,-7.000,44.000,29.226
2026-05-06,-7.000,45.000,29.165
2026-05-06,-7.000,46.000,28.946
2026-05-06,-7.000,47.000,28.806
2026-05-06,-7.000,48.000,28.795
2026-05-06,-7.000,49.000,29.037
2026-05-06,-7.000,50.000,29.108
2026-05-06,-7.000,51.000,28.763
2026-05-06,-7.000,52.000,29.064
2026-05-06,-7.000,53.000,29.333
2026-05-06,-7.000,54.000,29.366
2026-05-06,-7.000,55.000,29.395
2026-05-06,-7.000,56.000,29.422
2026-05-06,-7.000,57.000,29.315
2026-05-06,-7.000,58.000,29.219
2026-05-06,-7.000,59.000,29.319
2026-05-06,-7.000,60.000,29.524
2026-05-06,-7.000,61.000,29.539
2026-05-06,-7.000,62.000,29.468
2026-05-06,-7.000,63.000,29.456
2026-05-06,-7.000,64.000,29.542
2026-05-06,-7.000,65.000,29.703
2026-05-06,-7.000,66.000,29.696
2026-05-06,-7.000,67.000,29.488
2026-05-06,-7.000,68.000,29.434
2026-05-06,-7.000,69.000,29.665
2026-05-06,-7.000,70.000,29.952
2026-05-06,-7.000,71.000,29.933
2026-05-06,-7.000,72.000,29.804
2026-05-06,-7.000,73.000,29.787
2026-05-06,-7.000,74.000,29.850
2026-05-06,-7.000,75.000,29.964
2026-05-06,-7.000,76.000,29.895
2026-05-06,-7.000,77.000,29.811
2026-05-06,-7.000,78.000,29.758
2026-05-06,-7.000,79.000,29.870
2026-05-06,-7.000,80.000,29.981
2026-05-06,-7.000,81.000,29.943
2026-05-06,-7.000,82.000,29.886
2026-05-06,-7.000,83.000,29.873
2026-05-06,-7.000,84.000,30.088
2026-05-06,-7.000,85.000,30.142
2026-05-06,-7.000,86.000,29.682
2026-05-06,-7.000,87.000,29.478
2026-05-06,-7.000,88.000,29.882
2026-05-06,-7.000,89.000,29.694
2026-05-06,-7.000,90.000,30.281
2026-05-06,-7.000,91.000,30.218
2026-05-06,-7.000,92.000,30.030
2026-05-06,-7.000,93.000,29.887
2026-05-06,-7.000,94.000,29.628
2026-05-06,-7.000,95.000,29.532
2026-05-06,-7.000,96.000,29.898
2026-05-06,-7.000,97.000,30.131
2026-05-06,-7.000,98.000,30.194
2026-05-06,-7.000,99.000,30.253
2026-05-06,-7.000,100.000,29.986
2026-05-06,-7.000,101.000,29.745
2026-05-06,-7.000,102.000,29.703
2026-05-06,-7.000,103.000,29.879
2026-05-06,-7.000,104.000,30.058
2026-05-06,-7.000,105.000,30.054
2026-05-06,-7.000,106.000,29.705
2026-05-06,-7.000,107.000,29.440
2026-05-06,-7.000,109.000,30.262
2026-05-06,-7.000,110.000,30.099
2026-05-06,-7.000,111.000,30.017
2026-05-06,-7.000,112.000,30.033
2026-05-06,-7.000,113.000,30.002
2026-05-06,-7.000,114.000,29.847
2026-05-06,-7.000,115.000,29.868
2026-05-06,-7.000,116.000,29.834
2026-05-06,-7.000,117.000,29.774
2026-05-06,-7.000,118.000,29.385
2026-05-06,-7.000,119.000,29.185
2026-05-06,-7.000,120.000,29.284
2026-05-06,-7.000,121.000,29.280
2026-05-06,-7.000,122.000,29.466
2026-05-06,-7.000,123.000,29.484
2026-05-06,-7.000,124.000,29.347
2026-05-06,-7.000,125.000,29.476
2026-05-06,-7.000,126.000,29.280
2026-05-06,-7.000,127.000,28.896
2026-05-06,-7.000,128.000,29.090
2026-05-06,-7.000,129.000,29.026
2026-05-06,-7.000,130.000,28.979
2026-05-06,-7.000,131.000,28.703
2026-05-06,-7.000,132.000,28.474
2026-05-06,-7.000,133.000,28.669
2026-05-06,-7.000,134.000,28.548
2026-05-06,-7.000,135.000,28.520
2026-05-06,-7.000,136.000,28.446
2026-05-06,-7.000,137.000,28.841
2026-05-06,-7.000,138.000,29.004
2026-05-06,-7.000,139.000,29.000
2026-05-06,-7.000,147.000,29.346
2026-05-06,-7.000,148.000,29.035
2026-05-06,-7.000,149.000,29.061
2026-05-06,-7.000,150.000,28.998
2026-05-06,-7.000,151.000,28.954
2026-05-06,-7.000,152.000,29.214
2026-05-06,-7.000,153.000,29.144
2026-05-06,-7.000,154.000,29.283
2026-05-06,-7.000,155.000,29.223
2026-05-06,-7.000,156.000,29.310
2026-05-06,-7.000,157.000,29.493
2026-05-06,-7.000,158.000,29.660
2026-05-06,-7.000,159.000,29.842
2026-05-06,-7.000,160.000,29.846
2026-05-06,-7.000,161.000,30.066
2026-05-06,-7.000,162.000,30.145
2026-05-06,-7.000,163.000,30.111
2026-05-06,-7.000,164.000,30.298
2026-05-06,-7.000,165.000,30.338
2026-05-06,-7.000,166.000,30.342
2026-05-06,-7.000,167.000,29.714
2026-05-06,-7.000,168.000,29.451
2026-05-06,-7.000,169.000,30.108
2026-05-06,-7.000,170.000,30.199
2026-05-06,-7.000,171.000,30.244
2026-05-06,-7.000,172.000,30.248
2026-05-06,-7.000,173.000,30.249
2026-05-06,-7.000,174.000,30.251
2026-05-06,-7.000,175.000,30.305
2026-05-06,-7.000,176.000,30.349
2026-05-06,-7.000,177.000,30.426
2026-05-06,-7.000,178.000,30.501
2026-05-06,-7.000,179.000,30.486
2026-05-06,-7.000,180.000,30.430
2026-05-06,-6.000,39.000,29.051
2026-05-06,-6.000,40.000,29.119
2026-05-06,-6.000,41.000,29.088
2026-05-06,-6.000,42.000,29.280
2026-05-06,-6.000,43.000,29.257
2026-05-06,-6.000,44.000,29.128
2026-05-06,-6.000,45.000,28.995
2026-05-06,-6.000,46.000,28.606
2026-05-06,-6.000,47.000,28.557
2026-05-06,-6.000,48.000,28.961
2026-05-06,-6.000,49.000,29.119
2026-05-06,-6.000,50.000,29.309
2026-05-06,-6.000,51.000,29.484
2026-05-06,-6.000,52.000,29.463
2026-05-06,-6.000,53.000,29.423
2026-05-06,-6.000,54.000,29.664
2026-05-06,-6.000,55.000,29.740
2026-05-06,-6.000,56.000,29.785
2026-05-06,-6.000,57.000,29.598
2026-05-06,-6.000,58.000,29.318
2026-05-06,-6.000,59.000,29.259
2026-05-06,-6.000,60.000,29.351
2026-05-06,-6.000,61.000,29.412
2026-05-06,-6.000,62.000,29.578
2026-05-06,-6.000,63.000,29.694
2026-05-06,-6.000,64.000,29.826
2026-05-06,-6.000,65.000,29.811
2026-05-06,-6.000,66.000,29.937
2026-05-06,-6.000,67.000,29.948
2026-05-06,-6.000,68.000,29.906
2026-05-06,-6.000,69.000,30.052
2026-05-06,-6.000,70.000,30.031
2026-05-06,-6.000,71.000,30.014
2026-05-06,-6.000,72.000,29.994
2026-05-06,-6.000,73.000,29.918
2026-05-06,-6.000,74.000,29.916
2026-05-06,-6.000,75.000,29.926
2026-05-06,-6.000,76.000,29.944
2026-05-06,-6.000,77.000,30.062
2026-05-06,-6.000,78.000,30.152
2026-05-06,-6.000,79.000,30.211
2026-05-06,-6.000,80.000,30.106
2026-05-06,-6.000,81.000,30.169
2026-05-06,-6.000,82.000,30.166
2026-05-06,-6.000,83.000,30.251
2026-05-06,-6.000,84.000,30.388
2026-05-06,-6.000,85.000,30.220
2026-05-06,-6.000,86.000,29.549
2026-05-06,-6.000,87.000,29.452
2026-05-06,-6.000,88.000,30.730
2026-05-06,-6.000,89.000,30.570
2026-05-06,-6.000,90.000,30.173
2026-05-06,-6.000,91.000,30.128
2026-05-06,-6.000,92.000,30.004
2026-05-06,-6.000,93.000,30.003
2026-05-06,-6.000,94.000,29.896
2026-05-06,-6.000,95.000,29.961
2026-05-06,-6.000,96.000,30.298
2026-05-06,-6.000,97.000,30.416
2026-05-06,-6.000,98.000,30.497
2026-05-06,-6.000,99.000,30.501
2026-05-06,-6.000,100.000,30.358
2026-05-06,-6.000,101.000,29.930
2026-05-06,-6.000,102.000,29.918
2026-05-06,-6.000,103.000,30.196
2026-05-06,-6.000,104.000,30.094
2026-05-06,-6.000,105.000,30.207
2026-05-06,-6.000,106.000,30.200
2026-05-06,-6.000,107.000,30.251
2026-05-06,-6.000,108.000,30.050
2026-05-06,-6.000,109.000,29.984
2026-05-06,-6.000,110.000,29.860
2026-05-06,-6.000,111.000,29.792
2026-05-06,-6.000,112.000,29.859
2026-05-06,-6.000,113.000,29.842
2026-05-06,-6.000,114.000,29.811
2026-05-06,-6.000,115.000,29.817
2026-05-06,-6.000,116.000,29.802
2026-05-06,-6.000,117.000,29.610
2026-05-06,-6.000,118.000,29.459
2026-05-06,-6.000,119.000,29.121
2026-05-06,-6.000,120.000,28.841
2026-05-06,-6.000,121.000,29.464
2026-05-06,-6.000,122.000,29.514
2026-05-06,-6.000,123.000,29.179
2026-05-06,-6.000,124.000,29.019
2026-05-06,-6.000,125.000,29.109
2026-05-06,-6.000,126.000,29.039
2026-05-06,-6.000,127.000,28.958
2026-05-06,-6.000,128.000,28.952
2026-05-06,-6.000,129.000,29.092
2026-05-06,-6.000,130.000,29.024
2026-05-06,-6.000,131.000,28.811
2026-05-06,-6.000,132.000,28.863
2026-05-06,-6.000,133.000,28.921
2026-05-06,-6.000,134.000,28.759
2026-05-06,-6.000,135.000,28.508
2026-05-06,-6.000,136.000,28.732
2026-05-06,-6.000,137.000,29.058
2026-05-06,-6.000,138.000,29.274
2026-05-06,-6.000,146.000,29.600
2026-05-06,-6.000,147.000,29.430
2026-05-06,-6.000,148.000,29.261
2026-05-06,-6.000,149.000,29.158
2026-05-06,-6.000,150.000,29.147
2026-05-06,-6.000,151.000,29.217
2026-05-06,-6.000,152.000,29.368
2026-05-06,-6.000,153.000,29.259
2026-05-06,-6.000,154.000,29.326
2026-05-06,-6.000,155.000,29.373
2026-05-06,-6.000,156.000,29.796
2026-05-06,-6.000,157.000,29.925
2026-05-06,-6.000,158.000,29.805
2026-05-06,-6.000,159.000,29.934
2026-05-06,-6.000,160.000,30.083
2026-05-06,-6.000,161.000,30.204
2026-05-06,-6.000,162.000,30.307
2026-05-06,-6.000,163.000,30.292
2026-05-06,-6.000,164.000,30.296
2026-05-06,-6.000,165.000,30.358
2026-05-06,-6.000,166.000,30.227
2026-05-06,-6.000,167.000,29.838
2026-05-06,-6.000,168.000,29.944
2026-05-06,-6.000,169.000,29.973
2026-05-06,-6.000,170.000,30.362
2026-05-06,-6.000,171.000,30.434
2026-05-06,-6.000,172.000,30.356
2026-05-06,-6.000,173.000,30.257
2026-05-06,-6.000,174.000,30.249
2026-05-06,-6.000,175.000,30.363
2026-05-06,-6.000,176.000,30.319
2026-05-06,-6.000,177.000,30.323
2026-05-06,-6.000,178.000,30.344
2026-05-06,-6.000,179.000,30.329
2026-05-06,-6.000,180.000,30.366
2026-05-06,-5.000,39.000,29.055
2026-05-06,-5.000,40.000,29.096
2026-05-06,-5.000,41.000,29.132
2026-05-06,-5.000,42.000,29.206
2026-05-06,-5.000,43.000,29.079
2026-05-06,-5.000,44.000,28.972
2026-05-06,-5.000,45.000,29.185
2026-05-06,-5.000,46.000,28.825
2026-05-06,-5.000,47.000,28.956
2026-05-06,-5.000,48.000,29.037
2026-05-06,-5.000,49.000,29.209
2026-05-06,-5.000,50.000,29.523
2026-05-06,-5.000,51.000,29.947
2026-05-06,-5.000,52.000,30.014
2026-05-06,-5.000,53.000,29.909
2026-05-06,-5.000,54.000,29.914
2026-05-06,-5.000,55.000,30.050
2026-05-06,-5.000,56.000,30.041
2026-05-06,-5.000,57.000,29.796
2026-05-06,-5.000,58.000,29.636
2026-05-06,-5.000,59.000,29.533
2026-05-06,-5.000,60.000,29.648
2026-05-06,-5.000,61.000,29.753
2026-05-06,-5.000,62.000,29.933
2026-05-06,-5.000,63.000,30.004
2026-05-06,-5.000,64.000,30.241
2026-05-06,-5.000,65.000,30.196
2026-05-06,-5.000,66.000,30.191
2026-05-06,-5.000,67.000,30.118
2026-05-06,-5.000,68.000,29.989
2026-05-06,-5.000,69.000,30.219
2026-05-06,-5.000,70.000,30.223
2026-05-06,-5.000,71.000,29.959
2026-05-06,-5.000,72.000,29.887
2026-05-06,-5.000,73.000,29.835
2026-05-06,-5.000,74.000,29.907
2026-05-06,-5.000,75.000,30.028
2026-05-06,-5.000,76.000,29.974
2026-05-06,-5.000,77.000,29.946
2026-05-06,-5.000,78.000,30.054
2026-05-06,-5.000,79.000,30.085
2026-05-06,-5.000,80.000,29.908
2026-05-06,-5.000,81.000,30.030
2026-05-06,-5.000,82.000,30.178
2026-05-06,-5.000,83.000,30.291
2026-05-06,-5.000,84.000,30.216
2026-05-06,-5.000,85.000,29.738
2026-05-06,-5.000,86.000,29.601
2026-05-06,-5.000,87.000,30.229
2026-05-06,-5.000,88.000,31.801
2026-05-06,-5.000,89.000,31.395
2026-05-06,-5.000,90.000,30.133
2026-05-06,-5.000,91.000,30.202
2026-05-06,-5.000,92.000,30.224
2026-05-06,-5.000,93.000,30.111
2026-05-06,-5.000,94.000,30.183
2026-05-06,-5.000,95.000,30.376
2026-05-06,-5.000,96.000,30.432
2026-05-06,-5.000,97.000,30.624
2026-05-06,-5.000,98.000,30.754
2026-05-06,-5.000,99.000,30.541
2026-05-06,-5.000,100.000,30.505
2026-05-06,-5.000,101.000,30.293
2026-05-06,-5.000,102.000,30.276
2026-05-06,-5.000,103.000,30.277
2026-05-06,-5.000,104.000,29.882
2026-05-06,-5.000,106.000,30.506
2026-05-06,-5.000,107.000,30.263
2026-05-06,-5.000,108.000,30.039
2026-05-06,-5.000,109.000,29.905
2026-05-06,-5.000,110.000,29.839
2026-05-06,-5.000,111.000,29.894
2026-05-06,-5.000,112.000,29.823
2026-05-06,-5.000,113.000,29.754
2026-05-06,-5.000,114.000,29.710
2026-05-06,-5.000,115.000,29.801
2026-05-06,-5.000,116.000,29.846
2026-05-06,-5.000,117.000,29.706
2026-05-06,-5.000,118.000,29.632
2026-05-06,-5.000,119.000,29.513
2026-05-06,-5.000,120.000,29.678
2026-05-06,-5.000,121.000,29.926
2026-05-06,-5.000,122.000,29.740
2026-05-06,-5.000,123.000,29.263
2026-05-06,-5.000,124.000,29.103
2026-05-06,-5.000,125.000,28.936
2026-05-06,-5.000,126.000,28.946
2026-05-06,-5.000,127.000,28.928
2026-05-06,-5.000,128.000,28.857
2026-05-06,-5.000,129.000,29.124
2026-05-06,-5.000,130.000,29.257
2026-05-06,-5.000,131.000,29.103
2026-05-06,-5.000,132.000,29.137
2026-05-06,-5.000,133.000,29.245
2026-05-06,-5.000,134.000,29.121
2026-05-06,-5.000,135.000,28.883
2026-05-06,-5.000,136.000,29.009
2026-05-06,-5.000,137.000,29.386
2026-05-06,-5.000,138.000,29.510
2026-05-06,-5.000,146.000,29.702
2026-05-06,-5.000,147.000,29.562
2026-05-06,-5.000,148.000,29.674
2026-05-06,-5.000,149.000,29.837
2026-05-06,-5.000,150.000,29.983
2026-05-06,-5.000,151.000,30.062
2026-05-06,-5.000,152.000,29.489
2026-05-06,-5.000,153.000,29.571
2026-05-06,-5.000,154.000,29.674
2026-05-06,-5.000,155.000,29.894
2026-05-06,-5.000,156.000,29.987
2026-05-06,-5.000,157.000,29.953
2026-05-06,-5.000,158.000,29.962
2026-05-06,-5.000,159.000,30.008
2026-05-06,-5.000,160.000,30.077
2026-05-06,-5.000,161.000,30.190
2026-05-06,-5.000,162.000,30.296
2026-05-06,-5.000,163.000,30.399
2026-05-06,-5.000,164.000,30.457
2026-05-06,-5.000,165.000,30.464
2026-05-06,-5.000,166.000,30.293
2026-05-06,-5.000,167.000,30.149
2026-05-06,-5.000,168.000,30.179
2026-05-06,-5.000,169.000,30.046
2026-05-06,-5.000,170.000,30.251
2026-05-06,-5.000,171.000,30.267
2026-05-06,-5.000,172.000,30.251
2026-05-06,-5.000,173.000,30.146
2026-05-06,-5.000,174.000,30.200
2026-05-06,-5.000,175.000,30.383
2026-05-06,-5.000,176.000,30.373
2026-05-06,-5.000,177.000,30.367
2026-05-06,-5.000,178.000,30.349
2026-05-06,-5.000,179.000,30.354
2026-05-06,-5.000,180.000,30.536
2026-05-06,-4.000,40.000,28.996
2026-05-06,-4.000,41.000,29.106
2026-05-06,-4.000,42.000,29.074
2026-05-06,-4.000,43.000,29.044
2026-05-06,-4.000,44.000,28.731
2026-05-06,-4.000,45.000,29.025
2026-05-06,-4.000,46.000,29.061
2026-05-06,-4.000,47.000,29.119
2026-05-06,-4.000,48.000,29.141
2026-05-06,-4.000,49.000,29.353
2026-05-06,-4.000,50.000,29.706
2026-05-06,-4.000,51.000,29.984
2026-05-06,-4.000,52.000,30.119
2026-05-06,-4.000,53.000,30.095
2026-05-06,-4.000,54.000,30.017
2026-05-06,-4.000,55.000,30.075
2026-05-06,-4.000,56.000,30.162
2026-05-06,-4.000,57.000,30.096
2026-05-06,-4.000,58.000,29.975
2026-05-06,-4.000,59.000,29.848
2026-05-06,-4.000,60.000,29.863
2026-05-06,-4.000,61.000,30.008
2026-05-06,-4.000,62.000,30.099
2026-05-06,-4.000,63.000,30.122
2026-05-06,-4.000,64.000,30.179
2026-05-06,-4.000,65.000,30.143
2026-05-06,-4.000,66.000,30.062
2026-05-06,-4.000,67.000,29.982
2026-05-06,-4.000,68.000,29.796
2026-05-06,-4.000,69.000,30.079
2026-05-06,-4.000,70.000,30.377
2026-05-06,-4.000,71.000,30.133
2026-05-06,-4.000,72.000,29.871
2026-05-06,-4.000,73.000,29.748
2026-05-06,-4.000,74.000,29.884
2026-05-06,-4.000,75.000,30.016
2026-05-06,-4.000,76.000,29.958
2026-05-06,-4.000,77.000,29.964
2026-05-06,-4.000,78.000,29.974
2026-05-06,-4.000,79.000,29.968
2026-05-06,-4.000,80.000,29.963
2026-05-06,-4.000,81.000,30.186
2026-05-06,-4.000,82.000,30.269
2026-05-06,-4.000,83.000,30.190
2026-05-06,-4.000,84.000,30.041
2026-05-06,-4.000,85.000,29.494
2026-05-06,-4.000,86.000,29.483
2026-05-06,-4.000,87.000,29.811
2026-05-06,-4.000,88.000,30.876
2026-05-06,-4.000,89.000,30.927
2026-05-06,-4.000,90.000,30.182
2026-05-06,-4.000,91.000,30.214
2026-05-06,-4.000,92.000,30.236
2026-05-06,-4.000,93.000,30.196
2026-05-06,-4.000,94.000,30.314
2026-05-06,-4.000,95.000,30.411
2026-05-06,-4.000,96.000,30.506
2026-05-06,-4.000,97.000,30.714
2026-05-06,-4.000,98.000,30.746
2026-05-06,-4.000,99.000,30.518
2026-05-06,-4.000,100.000,30.573
2026-05-06,-4.000,101.000,30.615
2026-05-06,-4.000,102.000,30.581
2026-05-06,-4.000,103.000,30.367
2026-05-06,-4.000,106.000,30.559
2026-05-06,-4.000,107.000,30.410
2026-05-06,-4.000,108.000,30.206
2026-05-06,-4.000,109.000,30.003
2026-05-06,-4.000,110.000,30.063
2026-05-06,-4.000,111.000,30.029
2026-05-06,-4.000,112.000,29.773
2026-05-06,-4.000,113.000,29.700
2026-05-06,-4.000,114.000,29.743
2026-05-06,-4.000,115.000,29.899
2026-05-06,-4.000,116.000,30.051
2026-05-06,-4.000,117.000,30.055
2026-05-06,-4.000,118.000,29.847
2026-05-06,-4.000,119.000,29.626
2026-05-06,-4.000,120.000,29.853
2026-05-06,-4.000,121.000,30.135
2026-05-06,-4.000,122.000,29.850
2026-05-06,-4.000,123.000,29.414
2026-05-06,-4.000,124.000,29.423
2026-05-06,-4.000,125.000,29.323
2026-05-06,-4.000,126.000,29.092
2026-05-06,-4.000,127.000,28.766
2026-05-06,-4.000,128.000,28.616
2026-05-06,-4.000,129.000,28.991
2026-05-06,-4.000,130.000,29.169
2026-05-06,-4.000,131.000,29.065
2026-05-06,-4.000,132.000,29.280
2026-05-06,-4.000,133.000,29.258
2026-05-06,-4.000,134.000,29.216
2026-05-06,-4.000,135.000,28.810
2026-05-06,-4.000,144.000,29.877
2026-05-06,-4.000,145.000,29.874
2026-05-06,-4.000,146.000,29.703
2026-05-06,-4.000,147.000,29.615
2026-05-06,-4.000,148.000,29.584
2026-05-06,-4.000,149.000,29.751
2026-05-06,-4.000,150.000,30.067
2026-05-06,-4.000,151.000,30.070
2026-05-06,-4.000,152.000,29.612
2026-05-06,-4.000,153.000,29.604
2026-05-06,-4.000,154.000,29.852
2026-05-06,-4.000,155.000,30.109
2026-05-06,-4.000,156.000,30.181
2026-05-06,-4.000,157.000,30.089
2026-05-06,-4.000,158.000,30.040
2026-05-06,-4.000,159.000,29.974
2026-05-06,-4.000,160.000,30.077
2026-05-06,-4.000,161.000,30.175
2026-05-06,-4.000,162.000,30.244
2026-05-06,-4.000,163.000,30.304
2026-05-06,-4.000,164.000,30.326
2026-05-06,-4.000,165.000,30.351
2026-05-06,-4.000,166.000,30.328
2026-05-06,-4.000,167.000,30.467
2026-05-06,-4.000,168.000,30.321
2026-05-06,-4.000,169.000,30.258
2026-05-06,-4.000,170.000,30.264
2026-05-06,-4.000,171.000,30.271
2026-05-06,-4.000,172.000,30.213
2026-05-06,-4.000,173.000,30.251
2026-05-06,-4.000,174.000,30.411
2026-05-06,-4.000,175.000,30.493
2026-05-06,-4.000,176.000,30.409
2026-05-06,-4.000,177.000,30.402
2026-05-06,-4.000,178.000,30.396
2026-05-06,-4.000,179.000,30.414
2026-05-06,-4.000,180.000,30.556
2026-05-06,-3.000,40.000,28.797
2026-05-06,-3.000,41.000,28.967
2026-05-06,-3.000,42.000,29.113
2026-05-06,-3.000,43.000,29.017
2026-05-06,-3.000,44.000,28.740
2026-05-06,-3.000,45.000,29.105
2026-05-06,-3.000,46.000,29.165
2026-05-06,-3.000,47.000,29.326
2026-05-06,-3.000,48.000,29.416
2026-05-06,-3.000,49.000,29.359
2026-05-06,-3.000,50.000,29.521
2026-05-06,-3.000,51.000,29.781
2026-05-06,-3.000,52.000,30.009
2026-05-06,-3.000,53.000,30.196
2026-05-06,-3.000,54.000,30.228
2026-05-06,-3.000,55.000,30.161
2026-05-06,-3.000,56.000,30.207
2026-05-06,-3.000,57.000,30.301
2026-05-06,-3.000,58.000,30.344
2026-05-06,-3.000,59.000,30.266
2026-05-06,-3.000,60.000,30.089
2026-05-06,-3.000,61.000,30.018
2026-05-06,-3.000,62.000,30.193
2026-05-06,-3.000,63.000,30.110
2026-05-06,-3.000,64.000,30.116
2026-05-06,-3.000,65.000,30.103
2026-05-06,-3.000,66.000,30.017
2026-05-06,-3.000,67.000,30.126
2026-05-06,-3.000,68.000,30.194
2026-05-06,-3.000,69.000,30.150
2026-05-06,-3.000,70.000,30.247
2026-05-06,-3.000,71.000,30.137
2026-05-06,-3.000,72.000,29.847
2026-05-06,-3.000,73.000,29.838
2026-05-06,-3.000,74.000,29.911
2026-05-06,-3.000,75.000,30.049
2026-05-06,-3.000,76.000,30.032
2026-05-06,-3.000,77.000,29.923
2026-05-06,-3.000,78.000,29.796
2026-05-06,-3.000,79.000,29.853
2026-05-06,-3.000,80.000,29.917
2026-05-06,-3.000,81.000,30.214
2026-05-06,-3.000,82.000,30.145
2026-05-06,-3.000,83.000,30.146
2026-05-06,-3.000,84.000,29.982
2026-05-06,-3.000,85.000,29.719
2026-05-06,-3.000,86.000,29.273
2026-05-06,-3.000,87.000,29.109
2026-05-06,-3.000,88.000,29.693
2026-05-06,-3.000,89.000,30.074
2026-05-06,-3.000,90.000,30.099
2026-05-06,-3.000,91.000,30.219
2026-05-06,-3.000,92.000,30.284
2026-05-06,-3.000,93.000,30.357
2026-05-06,-3.000,94.000,30.550
2026-05-06,-3.000,95.000,30.638
2026-05-06,-3.000,96.000,30.689
2026-05-06,-3.000,97.000,30.721
2026-05-06,-3.000,98.000,30.639
2026-05-06,-3.000,99.000,30.556
2026-05-06,-3.000,100.000,30.549
2026-05-06,-3.000,101.000,30.717
2026-05-06,-3.000,102.000,30.623
2026-05-06,-3.000,106.000,30.602
2026-05-06,-3.000,107.000,30.386
2026-05-06,-3.000,108.000,30.210
2026-05-06,-3.000,109.000,30.079
2026-05-06,-3.000,110.000,30.320
2026-05-06,-3.000,111.000,29.957
2026-05-06,-3.000,112.000,29.648
2026-05-06,-3.000,113.000,29.672
2026-05-06,-3.000,114.000,29.895
2026-05-06,-3.000,116.000,30.305
2026-05-06,-3.000,117.000,29.956
2026-05-06,-3.000,118.000,29.853
2026-05-06,-3.000,119.000,29.804
2026-05-06,-3.000,120.000,30.375
2026-05-06,-3.000,121.000,30.191
2026-05-06,-3.000,122.000,29.457
2026-05-06,-3.000,123.000,29.395
2026-05-06,-3.000,124.000,29.274
2026-05-06,-3.000,125.000,29.386
2026-05-06,-3.000,126.000,29.489
2026-05-06,-3.000,127.000,29.243
2026-05-06,-3.000,128.000,29.249
2026-05-06,-3.000,129.000,29.332
2026-05-06,-3.000,130.000,28.893
2026-05-06,-3.000,131.000,29.056
2026-05-06,-3.000,132.000,29.568
2026-05-06,-3.000,133.000,29.625
2026-05-06,-3.000,135.000,29.764
2026-05-06,-3.000,136.000,29.918
2026-05-06,-3.000,141.000,29.843
2026-05-06,-3.000,142.000,30.045
2026-05-06,-3.000,143.000,30.029
2026-05-06,-3.000,144.000,30.004
2026-05-06,-3.000,145.000,29.947
2026-05-06,-3.000,146.000,29.864
2026-05-06,-3.000,147.000,29.896
2026-05-06,-3.000,148.000,29.934
2026-05-06,-3.000,149.000,29.995
2026-05-06,-3.000,150.000,29.950
2026-05-06,-3.000,151.000,29.814
2026-05-06,-3.000,152.000,29.787
2026-05-06,-3.000,153.000,29.839
2026-05-06,-3.000,154.000,29.887
2026-05-06,-3.000,155.000,29.993
2026-05-06,-3.000,156.000,30.122
2026-05-06,-3.000,157.000,30.301
2026-05-06,-3.000,158.000,30.142
2026-05-06,-3.000,159.000,30.109
2026-05-06,-3.000,160.000,30.238
2026-05-06,-3.000,161.000,30.251
2026-05-06,-3.000,162.000,30.268
2026-05-06,-3.000,163.000,30.311
2026-05-06,-3.000,164.000,30.323
2026-05-06,-3.000,165.000,30.388
2026-05-06,-3.000,166.000,30.329
2026-05-06,-3.000,167.000,30.348
2026-05-06,-3.000,168.000,30.307
2026-05-06,-3.000,169.000,30.434
2026-05-06,-3.000,170.000,30.348
2026-05-06,-3.000,171.000,30.358
2026-05-06,-3.000,172.000,30.356
2026-05-06,-3.000,173.000,30.335
2026-05-06,-3.000,174.000,30.480
2026-05-06,-3.000,175.000,30.651
2026-05-06,-3.000,176.000,30.532
2026-05-06,-3.000,177.000,30.456
2026-05-06,-3.000,178.000,30.422
2026-05-06,-3.000,179.000,30.364
2026-05-06,-3.000,180.000,30.487
2026-05-06,-2.000,41.000,28.910
2026-05-06,-2.000,42.000,28.866
2026-05-06,-2.000,43.000,28.836
2026-05-06,-2.000,44.000,28.689
2026-05-06,-2.000,45.000,29.101
2026-05-06,-2.000,46.000,29.141
2026-05-06,-2.000,47.000,29.286
2026-05-06,-2.000,48.000,29.447
2026-05-06,-2.000,49.000,29.517
2026-05-06,-2.000,50.000,29.576
2026-05-06,-2.000,51.000,29.761
2026-05-06,-2.000,52.000,30.056
2026-05-06,-2.000,53.000,30.220
2026-05-06,-2.000,54.000,30.429
2026-05-06,-2.000,55.000,30.359
2026-05-06,-2.000,56.000,30.448
2026-05-06,-2.000,57.000,30.534
2026-05-06,-2.000,58.000,30.531
2026-05-06,-2.000,59.000,30.513
2026-05-06,-2.000,60.000,30.513
2026-05-06,-2.000,61.000,30.603
2026-05-06,-2.000,62.000,30.606
2026-05-06,-2.000,63.000,30.357
2026-05-06,-2.000,64.000,30.147
2026-05-06,-2.000,65.000,30.068
2026-05-06,-2.000,66.000,30.062
2026-05-06,-2.000,67.000,30.106
2026-05-06,-2.000,68.000,30.084
2026-05-06,-2.000,69.000,29.996
2026-05-06,-2.000,70.000,29.953
2026-05-06,-2.000,71.000,29.821
2026-05-06,-2.000,72.000,29.694
2026-05-06,-2.000,73.000,29.613
2026-05-06,-2.000,74.000,29.727
2026-05-06,-2.000,75.000,29.834
2026-05-06,-2.000,76.000,29.857
2026-05-06,-2.000,77.000,29.899
2026-05-06,-2.000,78.000,29.834
2026-05-06,-2.000,79.000,29.799
2026-05-06,-2.000,80.000,29.889
2026-05-06,-2.000,81.000,30.103
2026-05-06,-2.000,82.000,30.055
2026-05-06,-2.000,83.000,30.179
2026-05-06,-2.000,84.000,30.261
2026-05-06,-2.000,85.000,30.301
2026-05-06,-2.000,86.000,30.026
2026-05-06,-2.000,87.000,29.755
2026-05-06,-2.000,88.000,30.336
2026-05-06,-2.000,89.000,30.593
2026-05-06,-2.000,90.000,30.575
2026-05-06,-2.000,91.000,30.196
2026-05-06,-2.000,92.000,30.434
2026-05-06,-2.000,93.000,30.656
2026-05-06,-2.000,94.000,30.686
2026-05-06,-2.000,95.000,30.638
2026-05-06,-2.000,96.000,30.899
2026-05-06,-2.000,97.000,30.754
2026-05-06,-2.000,98.000,30.622
2026-05-06,-2.000,99.000,30.489
2026-05-06,-2.000,100.000,30.464
2026-05-06,-2.000,101.000,30.631
2026-05-06,-2.000,105.000,30.880
2026-05-06,-2.000,106.000,30.574
2026-05-06,-2.000,107.000,30.302
2026-05-06,-2.000,108.000,30.171
2026-05-06,-2.000,109.000,30.209
2026-05-06,-2.000,110.000,30.792
2026-05-06,-2.000,117.000,29.743
2026-05-06,-2.000,118.000,30.052
2026-05-06,-2.000,119.000,30.116
2026-05-06,-2.000,122.000,29.651
2026-05-06,-2.000,123.000,29.353
2026-05-06,-2.000,124.000,29.225
2026-05-06,-2.000,125.000,29.573
2026-05-06,-2.000,126.000,29.604
2026-05-06,-2.000,127.000,29.216
2026-05-06,-2.000,128.000,29.459
2026-05-06,-2.000,129.000,29.566
2026-05-06,-2.000,130.000,29.220
2026-05-06,-2.000,131.000,29.543
2026-05-06,-2.000,132.000,29.835
2026-05-06,-2.000,133.000,29.737
2026-05-06,-2.000,134.000,29.562
2026-05-06,-2.000,135.000,29.581
2026-05-06,-2.000,136.000,29.967
2026-05-06,-2.000,137.000,30.213
2026-05-06,-2.000,138.000,29.835
2026-05-06,-2.000,139.000,29.848
2026-05-06,-2.000,140.000,29.868
2026-05-06,-2.000,141.000,29.827
2026-05-06,-2.000,142.000,29.959
2026-05-06,-2.000,143.000,30.035
2026-05-06,-2.000,144.000,30.111
2026-05-06,-2.000,145.000,30.216
2026-05-06,-2.000,146.000,30.046
2026-05-06,-2.000,147.000,29.998
2026-05-06,-2.000,148.000,30.102
2026-05-06,-2.000,149.000,30.113
2026-05-06,-2.000,150.000,30.024
2026-05-06,-2.000,151.000,30.092
2026-05-06,-2.000,152.000,30.049
2026-05-06,-2.000,153.000,29.979
2026-05-06,-2.000,154.000,29.981
2026-05-06,-2.000,155.000,29.973
2026-05-06,-2.000,156.000,29.913
2026-05-06,-2.000,157.000,30.101
2026-05-06,-2.000,158.000,30.089
2026-05-06,-2.000,159.000,30.158
2026-05-06,-2.000,160.000,30.224
2026-05-06,-2.000,161.000,30.165
2026-05-06,-2.000,162.000,30.224
2026-05-06,-2.000,163.000,30.262
2026-05-06,-2.000,164.000,30.281
2026-05-06,-2.000,165.000,30.320
2026-05-06,-2.000,166.000,30.333
2026-05-06,-2.000,167.000,30.295
2026-05-06,-2.000,168.000,30.149
2026-05-06,-2.000,169.000,30.181
2026-05-06,-2.000,170.000,30.217
2026-05-06,-2.000,171.000,30.344
2026-05-06,-2.000,172.000,30.359
2026-05-06,-2.000,173.000,30.314
2026-05-06,-2.000,174.000,30.416
2026-05-06,-2.000,175.000,30.546
2026-05-06,-2.000,176.000,30.491
2026-05-06,-2.000,177.000,30.422
2026-05-06,-2.000,178.000,30.414
2026-05-06,-2.000,179.000,30.387
2026-05-06,-2.000,180.000,30.399
2026-05-06,-1.000,42.000,28.865
2026-05-06,-1.000,43.000,28.721
2026-05-06,-1.000,44.000,28.832
2026-05-06,-1.000,45.000,29.218
2026-05-06,-1.000,46.000,29.138
2026-05-06,-1.000,47.000,29.237
2026-05-06,-1.000,48.000,29.426
2026-05-06,-1.000,49.000,29.587
2026-05-06,-1.000,50.000,29.761
2026-05-06,-1.000,51.000,29.980
2026-05-06,-1.000,52.000,30.259
2026-05-06,-1.000,53.000,30.234
2026-05-06,-1.000,54.000,30.224
2026-05-06,-1.000,55.000,30.277
2026-05-06,-1.000,56.000,30.502
2026-05-06,-1.000,57.000,30.623
2026-05-06,-1.000,58.000,30.521
2026-05-06,-1.000,59.000,30.454
2026-05-06,-1.000,60.000,30.437
2026-05-06,-1.000,61.000,30.450
2026-05-06,-1.000,62.000,30.297
2026-05-06,-1.000,63.000,30.142
2026-05-06,-1.000,64.000,30.068
2026-05-06,-1.000,65.000,29.929
2026-05-06,-1.000,66.000,29.834
2026-05-06,-1.000,67.000,29.946
2026-05-06,-1.000,68.000,30.036
2026-05-06,-1.000,69.000,30.007
2026-05-06,-1.000,70.000,29.874
2026-05-06,-1.000,71.000,29.752
2026-05-06,-1.000,72.000,29.721
2026-05-06,-1.000,73.000,29.633
2026-05-06,-1.000,74.000,29.609
2026-05-06,-1.000,75.000,29.575
2026-05-06,-1.000,76.000,29.582
2026-05-06,-1.000,77.000,29.881
2026-05-06,-1.000,78.000,29.950
2026-05-06,-1.000,79.000,29.929
2026-05-06,-1.000,80.000,30.024
2026-05-06,-1.000,81.000,30.113
2026-05-06,-1.000,82.000,30.061
2026-05-06,-1.000,83.000,30.255
2026-05-06,-1.000,84.000,30.195
2026-05-06,-1.000,85.000,30.246
2026-05-06,-1.000,86.000,30.592
2026-05-06,-1.000,87.000,30.555
2026-05-06,-1.000,88.000,30.209
2026-05-06,-1.000,89.000,30.989
2026-05-06,-1.000,90.000,31.178
2026-05-06,-1.000,91.000,29.933
2026-05-06,-1.000,92.000,30.312
2026-05-06,-1.000,93.000,30.640
2026-05-06,-1.000,94.000,30.690
2026-05-06,-1.000,95.000,30.871
2026-05-06,-1.000,96.000,31.038
2026-05-06,-1.000,97.000,30.803
2026-05-06,-1.000,98.000,30.434
2026-05-06,-1.000,99.000,30.311
2026-05-06,-1.000,100.000,30.099
2026-05-06,-1.000,101.000,30.440
2026-05-06,-1.000,104.000,30.680
2026-05-06,-1.000,105.000,30.737
2026-05-06,-1.000,106.000,30.376
2026-05-06,-1.000,107.000,29.895
2026-05-06,-1.000,108.000,30.004
2026-05-06,-1.000,109.000,30.317
2026-05-06,-1.000,110.000,30.968
2026-05-06,-1.000,117.000,29.887
2026-05-06,-1.000,118.000,30.094
2026-05-06,-1.000,119.000,30.113
2026-05-06,-1.000,120.000,30.585
2026-05-06,-1.000,121.000,30.741
2026-05-06,-1.000,122.000,30.651
2026-05-06,-1.000,123.000,29.667
2026-05-06,-1.000,124.000,29.368
2026-05-06,-1.000,125.000,29.724
2026-05-06,-1.000,126.000,29.989
2026-05-06,-1.000,127.000,29.527
2026-05-06,-1.000,128.000,29.411
2026-05-06,-1.000,129.000,29.443
2026-05-06,-1.000,130.000,29.567
2026-05-06,-1.000,131.000,29.720
2026-05-06,-1.000,132.000,29.685
2026-05-06,-1.000,133.000,29.600
2026-05-06,-1.000,134.000,29.599
2026-05-06,-1.000,135.000,29.546
2026-05-06,-1.000,136.000,29.761
2026-05-06,-1.000,137.000,30.013
2026-05-06,-1.000,138.000,29.994
2026-05-06,-1.000,139.000,30.042
2026-05-06,-1.000,140.000,29.985
2026-05-06,-1.000,141.000,29.957
2026-05-06,-1.000,142.000,30.006
2026-05-06,-1.000,143.000,30.118
2026-05-06,-1.000,144.000,30.213
2026-05-06,-1.000,145.000,30.321
2026-05-06,-1.000,146.000,30.382
2026-05-06,-1.000,147.000,30.386
2026-05-06,-1.000,148.000,30.358
2026-05-06,-1.000,149.000,30.276
2026-05-06,-1.000,150.000,30.128
2026-05-06,-1.000,151.000,30.135
2026-05-06,-1.000,152.000,30.134
2026-05-06,-1.000,153.000,30.158
2026-05-06,-1.000,154.000,30.173
2026-05-06,-1.000,155.000,29.969
2026-05-06,-1.000,156.000,29.859
2026-05-06,-1.000,157.000,29.848
2026-05-06,-1.000,158.000,29.929
2026-05-06,-1.000,159.000,30.079
2026-05-06,-1.000,160.000,30.249
2026-05-06,-1.000,161.000,30.238
2026-05-06,-1.000,162.000,30.293
2026-05-06,-1.000,163.000,30.117
2026-05-06,-1.000,164.000,30.223
2026-05-06,-1.000,165.000,30.199
2026-05-06,-1.000,166.000,30.127
2026-05-06,-1.000,167.000,30.146
2026-05-06,-1.000,168.000,30.103
2026-05-06,-1.000,169.000,30.149
2026-05-06,-1.000,170.000,30.144
2026-05-06,-1.000,171.000,30.291
2026-05-06,-1.000,172.000,30.324
2026-05-06,-1.000,173.000,30.372
2026-05-06,-1.000,174.000,30.388
2026-05-06,-1.000,175.000,30.431
2026-05-06,-1.000,176.000,30.384
2026-05-06,-1.000,177.000,30.421
2026-05-06,-1.000,178.000,30.504
2026-05-06,-1.000,179.000,30.349
2026-05-06,-1.000,180.000,30.302
2026-05-06,0.000,43.000,29.046
2026-05-06,0.000,44.000,29.244
2026-05-06,0.000,45.000,29.366
2026-05-06,0.000,46.000,29.288
2026-05-06,0.000,47.000,29.397
2026-05-06,0.000,48.000,29.439
2026-05-06,0.000,49.000,29.603
2026-05-06,0.000,50.000,29.789
2026-05-06,0.000,51.000,29.823
2026-05-06,0.000,52.000,29.904
2026-05-06,0.000,53.000,30.043
2026-05-06,0.000,54.000,30.124
2026-05-06,0.000,55.000,30.234
2026-05-06,0.000,56.000,30.281
2026-05-06,0.000,57.000,30.336
2026-05-06,0.000,58.000,30.281
2026-05-06,0.000,59.000,30.119
2026-05-06,0.000,60.000,30.093
2026-05-06,0.000,61.000,30.127
2026-05-06,0.000,62.000,30.015
2026-05-06,0.000,63.000,29.940
2026-05-06,0.000,64.000,29.901
2026-05-06,0.000,65.000,29.882
2026-05-06,0.000,66.000,29.954
2026-05-06,0.000,67.000,30.005
2026-05-06,0.000,68.000,29.964
2026-05-06,0.000,69.000,29.874
2026-05-06,0.000,70.000,29.764
2026-05-06,0.000,71.000,29.733
2026-05-06,0.000,72.000,29.676
2026-05-06,0.000,73.000,29.639
2026-05-06,0.000,74.000,29.557
2026-05-06,0.000,75.000,29.578
2026-05-06,0.000,76.000,29.677
2026-05-06,0.000,77.000,29.759
2026-05-06,0.000,78.000,29.951
2026-05-06,0.000,79.000,29.994
2026-05-06,0.000,80.000,30.054
2026-05-06,0.000,81.000,29.982
2026-05-06,0.000,82.000,29.911
2026-05-06,0.000,83.000,30.133
2026-05-06,0.000,84.000,30.328
2026-05-06,0.000,85.000,30.295
2026-05-06,0.000,86.000,30.567
2026-05-06,0.000,87.000,30.502
2026-05-06,0.000,88.000,30.379
2026-05-06,0.000,89.000,30.781
2026-05-06,0.000,90.000,30.780
2026-05-06,0.000,91.000,30.211
2026-05-06,0.000,92.000,30.427
2026-05-06,0.000,93.000,30.505
2026-05-06,0.000,94.000,30.723
2026-05-06,0.000,95.000,30.772
2026-05-06,0.000,96.000,30.967
2026-05-06,0.000,97.000,30.856
2026-05-06,0.000,98.000,30.366
2026-05-06,0.000,99.000,30.104
2026-05-06,0.000,100.000,29.950
2026-05-06,0.000,104.000,30.564
2026-05-06,0.000,105.000,30.377
2026-05-06,0.000,106.000,30.256
2026-05-06,0.000,107.000,30.011
2026-05-06,0.000,108.000,30.003
2026-05-06,0.000,109.000,30.337
2026-05-06,0.000,118.000,30.221
2026-05-06,0.000,119.000,30.079
2026-05-06,0.000,120.000,30.170
2026-05-06,0.000,121.000,30.732
2026-05-06,0.000,122.000,30.586
2026-05-06,0.000,123.000,30.231
2026-05-06,0.000,124.000,29.684
2026-05-06,0.000,125.000,29.711
2026-05-06,0.000,126.000,29.915
2026-05-06,0.000,127.000,29.804
2026-05-06,0.000,128.000,29.839
2026-05-06,0.000,129.000,29.428
2026-05-06,0.000,130.000,29.404
2026-05-06,0.000,131.000,29.820
2026-05-06,0.000,132.000,29.810
2026-05-06,0.000,133.000,29.711
2026-05-06,0.000,134.000,29.886
2026-05-06,0.000,135.000,29.872
2026-05-06,0.000,136.000,30.081
2026-05-06,0.000,137.000,30.114
2026-05-06,0.000,138.000,30.162
2026-05-06,0.000,139.000,30.159
2026-05-06,0.000,140.000,30.083
2026-05-06,0.000,141.000,30.038
2026-05-06,0.000,142.000,30.136
2026-05-06,0.000,143.000,30.193
2026-05-06,0.000,144.000,30.311
2026-05-06,0.000,145.000,30.386
2026-05-06,0.000,146.000,30.393
2026-05-06,0.000,147.000,30.407
2026-05-06,0.000,148.000,30.459
2026-05-06,0.000,149.000,30.423
2026-05-06,0.000,150.000,30.279
2026-05-06,0.000,151.000,30.182
2026-05-06,0.000,152.000,30.276
2026-05-06,0.000,153.000,30.338
2026-05-06,0.000,154.000,30.381
2026-05-06,0.000,155.000,30.044
2026-05-06,0.000,156.000,29.914
2026-05-06,0.000,157.000,29.776
2026-05-06,0.000,158.000,30.014
2026-05-06,0.000,159.000,30.162
2026-05-06,0.000,160.000,30.138
2026-05-06,0.000,161.000,30.111
2026-05-06,0.000,162.000,30.149
2026-05-06,0.000,163.000,30.064
2026-05-06,0.000,164.000,30.066
2026-05-06,0.000,165.000,30.169
2026-05-06,0.000,166.000,30.077
2026-05-06,0.000,167.000,30.173
2026-05-06,0.000,168.000,29.966
2026-05-06,0.000,169.000,30.126
2026-05-06,0.000,170.000,30.232
2026-05-06,0.000,171.000,30.309
2026-05-06,0.000,172.000,30.406
2026-05-06,0.000,173.000,30.323
2026-05-06,0.000,174.000,30.285
2026-05-06,0.000,175.000,30.359
2026-05-06,0.000,176.000,30.317
2026-05-06,0.000,177.000,30.366
2026-05-06,0.000,178.000,30.350
2026-05-06,0.000,179.000,30.336
2026-05-06,0.000,180.000,30.406
2026-05-06,1.000,44.000,29.382
2026-05-06,1.000,45.000,29.413
2026-05-06,1.000,46.000,29.335
2026-05-06,1.000,47.000,29.280
2026-05-06,1.000,48.000,29.429
2026-05-06,1.000,49.000,29.619
2026-05-06,1.000,50.000,29.701
2026-05-06,1.000,51.000,29.764
2026-05-06,1.000,52.000,29.778
2026-05-06,1.000,53.000,29.961
2026-05-06,1.000,54.000,29.919
2026-05-06,1.000,55.000,29.938
2026-05-06,1.000,56.000,29.999
2026-05-06,1.000,57.000,29.958
2026-05-06,1.000,58.000,29.906
2026-05-06,1.000,59.000,29.866
2026-05-06,1.000,60.000,29.918
2026-05-06,1.000,61.000,29.962
2026-05-06,1.000,62.000,29.847
2026-05-06,1.000,63.000,29.842
2026-05-06,1.000,64.000,29.791
2026-05-06,1.000,65.000,29.820
2026-05-06,1.000,66.000,29.912
2026-05-06,1.000,67.000,29.865
2026-05-06,1.000,68.000,29.869
2026-05-06,1.000,69.000,29.895
2026-05-06,1.000,70.000,29.859
2026-05-06,1.000,71.000,29.767
2026-05-06,1.000,72.000,29.676
2026-05-06,1.000,73.000,29.633
2026-05-06,1.000,74.000,29.694
2026-05-06,1.000,75.000,29.706
2026-05-06,1.000,76.000,29.875
2026-05-06,1.000,77.000,29.937
2026-05-06,1.000,78.000,29.902
2026-05-06,1.000,79.000,30.076
2026-05-06,1.000,80.000,30.266
2026-05-06,1.000,81.000,30.065
2026-05-06,1.000,82.000,29.899
2026-05-06,1.000,83.000,30.112
2026-05-06,1.000,84.000,30.362
2026-05-06,1.000,85.000,30.395
2026-05-06,1.000,86.000,30.665
2026-05-06,1.000,87.000,29.996
2026-05-06,1.000,88.000,30.042
2026-05-06,1.000,89.000,30.402
2026-05-06,1.000,90.000,30.109
2026-05-06,1.000,91.000,29.982
2026-05-06,1.000,92.000,30.128
2026-05-06,1.000,93.000,30.310
2026-05-06,1.000,94.000,30.699
2026-05-06,1.000,95.000,30.697
2026-05-06,1.000,96.000,30.777
2026-05-06,1.000,97.000,30.692
2026-05-06,1.000,98.000,30.329
2026-05-06,1.000,99.000,29.959
2026-05-06,1.000,103.000,30.498
2026-05-06,1.000,104.000,30.423
2026-05-06,1.000,105.000,30.319
2026-05-06,1.000,106.000,30.372
2026-05-06,1.000,107.000,30.184
2026-05-06,1.000,108.000,30.215
2026-05-06,1.000,109.000,30.317
2026-05-06,1.000,118.000,30.148
2026-05-06,1.000,119.000,30.136
2026-05-06,1.000,120.000,30.129
2026-05-06,1.000,121.000,29.848
2026-05-06,1.000,122.000,29.807
2026-05-06,1.000,123.000,30.019
2026-05-06,1.000,124.000,29.789
2026-05-06,1.000,125.000,29.698
2026-05-06,1.000,126.000,29.854
2026-05-06,1.000,127.000,29.870
2026-05-06,1.000,128.000,30.207
2026-05-06,1.000,129.000,29.796
2026-05-06,1.000,130.000,29.746
2026-05-06,1.000,131.000,29.838
2026-05-06,1.000,132.000,29.882
2026-05-06,1.000,133.000,29.783
2026-05-06,1.000,134.000,29.855
2026-05-06,1.000,135.000,29.986
2026-05-06,1.000,136.000,30.073
2026-05-06,1.000,137.000,30.001
2026-05-06,1.000,138.000,30.114
2026-05-06,1.000,139.000,30.171
2026-05-06,1.000,140.000,30.112
2026-05-06,1.000,141.000,30.129
2026-05-06,1.000,142.000,30.167
2026-05-06,1.000,143.000,30.227
2026-05-06,1.000,144.000,30.189
2026-05-06,1.000,145.000,30.219
2026-05-06,1.000,146.000,30.213
2026-05-06,1.000,147.000,30.181
2026-05-06,1.000,148.000,30.221
2026-05-06,1.000,149.000,30.344
2026-05-06,1.000,150.000,30.296
2026-05-06,1.000,151.000,30.244
2026-05-06,1.000,152.000,30.375
2026-05-06,1.000,153.000,30.364
2026-05-06,1.000,154.000,30.262
2026-05-06,1.000,155.000,29.996
2026-05-06,1.000,156.000,29.989
2026-05-06,1.000,157.000,30.029
2026-05-06,1.000,158.000,30.087
2026-05-06,1.000,159.000,30.146
2026-05-06,1.000,160.000,30.114
2026-05-06,1.000,161.000,30.044
2026-05-06,1.000,162.000,30.092
2026-05-06,1.000,163.000,30.050
2026-05-06,1.000,164.000,30.063
2026-05-06,1.000,165.000,30.061
2026-05-06,1.000,166.000,30.066
2026-05-06,1.000,167.000,30.072
2026-05-06,1.000,168.000,29.994
2026-05-06,1.000,169.000,30.151
2026-05-06,1.000,170.000,30.286
2026-05-06,1.000,171.000,30.309
2026-05-06,1.000,172.000,30.318
2026-05-06,1.000,173.000,30.283
2026-05-06,1.000,174.000,30.276
2026-05-06,1.000,175.000,30.261
2026-05-06,1.000,176.000,30.264
2026-05-06,1.000,177.000,30.271
2026-05-06,1.000,178.000,30.203
2026-05-06,1.000,179.000,30.279
2026-05-06,1.000,180.000,30.263
2026-05-06,2.000,45.000,29.205
2026-05-06,2.000,46.000,29.206
2026-05-06,2.000,47.000,29.315
2026-05-06,2.000,48.000,29.473
2026-05-06,2.000,49.000,29.503
2026-05-06,2.000,50.000,29.532
2026-05-06,2.000,51.000,29.609
2026-05-06,2.000,52.000,29.585
2026-05-06,2.000,53.000,29.604
2026-05-06,2.000,54.000,29.556
2026-05-06,2.000,55.000,29.709
2026-05-06,2.000,56.000,29.811
2026-05-06,2.000,57.000,29.824
2026-05-06,2.000,58.000,29.761
2026-05-06,2.000,59.000,29.723
2026-05-06,2.000,60.000,29.889
2026-05-06,2.000,61.000,29.946
2026-05-06,2.000,62.000,29.860
2026-05-06,2.000,63.000,29.793
2026-05-06,2.000,64.000,29.708
2026-05-06,2.000,65.000,29.812
2026-05-06,2.000,66.000,29.814
2026-05-06,2.000,67.000,29.772
2026-05-06,2.000,68.000,29.872
2026-05-06,2.000,69.000,29.956
2026-05-06,2.000,70.000,29.937
2026-05-06,2.000,71.000,29.866
2026-05-06,2.000,72.000,29.817
2026-05-06,2.000,73.000,29.851
2026-05-06,2.000,74.000,29.898
2026-05-06,2.000,75.000,29.989
2026-05-06,2.000,76.000,29.981
2026-05-06,2.000,77.000,30.026
2026-05-06,2.000,78.000,30.045
2026-05-06,2.000,79.000,30.126
2026-05-06,2.000,80.000,30.170
2026-05-06,2.000,81.000,30.106
2026-05-06,2.000,82.000,29.949
2026-05-06,2.000,83.000,29.967
2026-05-06,2.000,84.000,30.283
2026-05-06,2.000,85.000,30.296
2026-05-06,2.000,86.000,30.384
2026-05-06,2.000,87.000,29.561
2026-05-06,2.000,88.000,29.694
2026-05-06,2.000,89.000,30.362
2026-05-06,2.000,90.000,30.288
2026-05-06,2.000,91.000,30.082
2026-05-06,2.000,92.000,30.036
2026-05-06,2.000,93.000,30.268
2026-05-06,2.000,94.000,30.688
2026-05-06,2.000,95.000,30.595
2026-05-06,2.000,96.000,30.610
2026-05-06,2.000,97.000,30.573
2026-05-06,2.000,98.000,30.485
2026-05-06,2.000,99.000,30.080
2026-05-06,2.000,100.000,30.710
2026-05-06,2.000,101.000,30.326
2026-05-06,2.000,102.000,30.416
2026-05-06,2.000,103.000,30.260
2026-05-06,2.000,104.000,30.763
2026-05-06,2.000,105.000,30.591
2026-05-06,2.000,106.000,30.480
2026-05-06,2.000,107.000,30.466
2026-05-06,2.000,108.000,30.584
2026-05-06,2.000,109.000,30.315
2026-05-06,2.000,110.000,30.215
2026-05-06,2.000,111.000,30.246
2026-05-06,2.000,118.000,30.682
2026-05-06,2.000,119.000,30.419
2026-05-06,2.000,120.000,30.602
2026-05-06,2.000,121.000,30.801
2026-05-06,2.000,122.000,30.734
2026-05-06,2.000,123.000,30.639
2026-05-06,2.000,124.000,30.394
2026-05-06,2.000,125.000,29.962
2026-05-06,2.000,126.000,30.009
2026-05-06,2.000,127.000,30.167
2026-05-06,2.000,128.000,29.874
2026-05-06,2.000,129.000,29.947
2026-05-06,2.000,130.000,29.924
2026-05-06,2.000,131.000,29.974
2026-05-06,2.000,132.000,30.084
2026-05-06,2.000,133.000,30.019
2026-05-06,2.000,134.000,30.037
2026-05-06,2.000,135.000,30.044
2026-05-06,2.000,136.000,29.974
2026-05-06,2.000,137.000,29.906
2026-05-06,2.000,138.000,29.977
2026-05-06,2.000,139.000,30.214
2026-05-06,2.000,140.000,30.251
2026-05-06,2.000,141.000,30.149
2026-05-06,2.000,142.000,30.172
2026-05-06,2.000,143.000,30.221
2026-05-06,2.000,144.000,30.189
2026-05-06,2.000,145.000,30.114
2026-05-06,2.000,146.000,30.029
2026-05-06,2.000,147.000,29.954
2026-05-06,2.000,148.000,29.931
2026-05-06,2.000,149.000,29.949
2026-05-06,2.000,150.000,29.918
2026-05-06,2.000,151.000,29.945
2026-05-06,2.000,152.000,30.180
2026-05-06,2.000,153.000,30.316
2026-05-06,2.000,154.000,30.092
2026-05-06,2.000,155.000,29.927
2026-05-06,2.000,156.000,29.907
2026-05-06,2.000,157.000,30.107
2026-05-06,2.000,158.000,30.097
2026-05-06,2.000,159.000,30.203
2026-05-06,2.000,160.000,30.181
2026-05-06,2.000,161.000,30.035
2026-05-06,2.000,162.000,30.139
2026-05-06,2.000,163.000,30.159
2026-05-06,2.000,164.000,30.109
2026-05-06,2.000,165.000,29.946
2026-05-06,2.000,166.000,29.971
2026-05-06,2.000,167.000,29.907
2026-05-06,2.000,168.000,29.996
2026-05-06,2.000,169.000,30.130
2026-05-06,2.000,170.000,30.168
2026-05-06,2.000,171.000,30.180
2026-05-06,2.000,172.000,30.181
2026-05-06,2.000,173.000,30.236
2026-05-06,2.000,174.000,30.359
2026-05-06,2.000,175.000,30.286
2026-05-06,2.000,176.000,30.211
2026-05-06,2.000,177.000,30.073
2026-05-06,2.000,178.000,29.828
2026-05-06,2.000,179.000,29.884
2026-05-06,2.000,180.000,29.832
2026-05-06,3.000,46.000,28.830
2026-05-06,3.000,47.000,28.882
2026-05-06,3.000,48.000,29.283
2026-05-06,3.000,49.000,29.479
2026-05-06,3.000,50.000,29.572
2026-05-06,3.000,51.000,29.641
2026-05-06,3.000,52.000,29.682
2026-05-06,3.000,53.000,29.624
2026-05-06,3.000,54.000,29.583
2026-05-06,3.000,55.000,29.839
2026-05-06,3.000,56.000,29.869
2026-05-06,3.000,57.000,29.896
2026-05-06,3.000,58.000,29.898
2026-05-06,3.000,59.000,30.006
2026-05-06,3.000,60.000,30.058
2026-05-06,3.000,61.000,30.012
2026-05-06,3.000,62.000,29.871
2026-05-06,3.000,63.000,29.789
2026-05-06,3.000,64.000,29.763
2026-05-06,3.000,65.000,29.856
2026-05-06,3.000,66.000,29.882
2026-05-06,3.000,67.000,29.959
2026-05-06,3.000,68.000,30.067
2026-05-06,3.000,69.000,30.152
2026-05-06,3.000,70.000,30.091
2026-05-06,3.000,71.000,30.102
2026-05-06,3.000,72.000,29.977
2026-05-06,3.000,73.000,29.859
2026-05-06,3.000,74.000,29.947
2026-05-06,3.000,75.000,30.143
2026-05-06,3.000,76.000,30.166
2026-05-06,3.000,77.000,30.124
2026-05-06,3.000,78.000,30.052
2026-05-06,3.000,79.000,30.006
2026-05-06,3.000,80.000,30.201
2026-05-06,3.000,81.000,30.201
2026-05-06,3.000,82.000,30.087
2026-05-06,3.000,83.000,30.111
2026-05-06,3.000,84.000,30.229
2026-05-06,3.000,85.000,30.226
2026-05-06,3.000,86.000,30.392
2026-05-06,3.000,87.000,30.237
2026-05-06,3.000,88.000,30.373
2026-05-06,3.000,89.000,30.298
2026-05-06,3.000,90.000,30.152
2026-05-06,3.000,91.000,29.952
2026-05-06,3.000,92.000,30.312
2026-05-06,3.000,93.000,30.585
2026-05-06,3.000,94.000,30.357
2026-05-06,3.000,95.000,30.278
2026-05-06,3.000,96.000,30.208
2026-05-06,3.000,97.000,30.556
2026-05-06,3.000,98.000,30.510
2026-05-06,3.000,99.000,30.210
2026-05-06,3.000,100.000,30.197
2026-05-06,3.000,101.000,30.352
2026-05-06,3.000,102.000,30.340
2026-05-06,3.000,104.000,30.717
2026-05-06,3.000,105.000,30.536
2026-05-06,3.000,106.000,30.169
2026-05-06,3.000,107.000,30.447
2026-05-06,3.000,108.000,30.711
2026-05-06,3.000,109.000,30.786
2026-05-06,3.000,110.000,30.769
2026-05-06,3.000,111.000,30.211
2026-05-06,3.000,112.000,29.762
2026-05-06,3.000,113.000,30.100
2026-05-06,3.000,118.000,30.583
2026-05-06,3.000,119.000,30.413
2026-05-06,3.000,120.000,30.676
2026-05-06,3.000,121.000,31.072
2026-05-06,3.000,122.000,30.989
2026-05-06,3.000,123.000,30.510
2026-05-06,3.000,124.000,30.287
2026-05-06,3.000,125.000,30.263
2026-05-06,3.000,126.000,29.967
2026-05-06,3.000,127.000,30.265
2026-05-06,3.000,128.000,30.096
2026-05-06,3.000,129.000,29.836
2026-05-06,3.000,130.000,29.955
2026-05-06,3.000,131.000,30.322
2026-05-06,3.000,132.000,30.421
2026-05-06,3.000,133.000,30.287
2026-05-06,3.000,134.000,30.250
2026-05-06,3.000,135.000,30.245
2026-05-06,3.000,136.000,30.241
2026-05-06,3.000,137.000,30.264
2026-05-06,3.000,138.000,30.280
2026-05-06,3.000,139.000,30.297
2026-05-06,3.000,140.000,30.240
2026-05-06,3.000,141.000,30.206
2026-05-06,3.000,142.000,30.209
2026-05-06,3.000,143.000,30.188
2026-05-06,3.000,144.000,30.116
2026-05-06,3.000,145.000,30.098
2026-05-06,3.000,146.000,29.991
2026-05-06,3.000,147.000,29.878
2026-05-06,3.000,148.000,29.676
2026-05-06,3.000,149.000,29.704
2026-05-06,3.000,150.000,29.803
2026-05-06,3.000,151.000,29.780
2026-05-06,3.000,152.000,30.043
2026-05-06,3.000,153.000,30.116
2026-05-06,3.000,154.000,29.866
2026-05-06,3.000,155.000,29.855
2026-05-06,3.000,156.000,29.885
2026-05-06,3.000,157.000,29.955
2026-05-06,3.000,158.000,30.085
2026-05-06,3.000,159.000,30.174
2026-05-06,3.000,160.000,29.971
2026-05-06,3.000,161.000,29.933
2026-05-06,3.000,162.000,29.956
2026-05-06,3.000,163.000,29.876
2026-05-06,3.000,164.000,29.939
2026-05-06,3.000,165.000,29.879
2026-05-06,3.000,166.000,29.741
2026-05-06,3.000,167.000,29.869
2026-05-06,3.000,168.000,30.111
2026-05-06,3.000,169.000,30.104
2026-05-06,3.000,170.000,30.026
2026-05-06,3.000,171.000,29.976
2026-05-06,3.000,172.000,30.001
2026-05-06,3.000,173.000,30.033
2026-05-06,3.000,174.000,30.056
2026-05-06,3.000,175.000,30.092
2026-05-06,3.000,176.000,30.003
2026-05-06,3.000,177.000,29.748
2026-05-06,3.000,178.000,29.643
2026-05-06,3.000,179.000,29.654
2026-05-06,3.000,180.000,29.397
2026-05-06,4.000,47.000,29.170
2026-05-06,4.000,48.000,29.223
2026-05-06,4.000,49.000,29.685
2026-05-06,4.000,50.000,29.838
2026-05-06,4.000,51.000,29.940
2026-05-06,4.000,52.000,29.967
2026-05-06,4.000,53.000,29.947
2026-05-06,4.000,54.000,29.837
2026-05-06,4.000,55.000,29.884
2026-05-06,4.000,56.000,30.003
2026-05-06,4.000,57.000,29.969
2026-05-06,4.000,58.000,30.066
2026-05-06,4.000,59.000,30.252
2026-05-06,4.000,60.000,30.095
2026-05-06,4.000,61.000,30.082
2026-05-06,4.000,62.000,30.058
2026-05-06,4.000,63.000,30.010
2026-05-06,4.000,64.000,29.897
2026-05-06,4.000,65.000,29.901
2026-05-06,4.000,66.000,29.917
2026-05-06,4.000,67.000,30.058
2026-05-06,4.000,68.000,30.292
2026-05-06,4.000,69.000,30.195
2026-05-06,4.000,70.000,30.238
2026-05-06,4.000,71.000,30.164
2026-05-06,4.000,72.000,30.059
2026-05-06,4.000,73.000,29.891
2026-05-06,4.000,74.000,30.126
2026-05-06,4.000,75.000,30.239
2026-05-06,4.000,76.000,30.338
2026-05-06,4.000,77.000,30.326
2026-05-06,4.000,78.000,30.315
2026-05-06,4.000,79.000,30.250
2026-05-06,4.000,80.000,30.378
2026-05-06,4.000,81.000,30.397
2026-05-06,4.000,82.000,30.248
2026-05-06,4.000,83.000,30.372
2026-05-06,4.000,84.000,30.443
2026-05-06,4.000,85.000,30.472
2026-05-06,4.000,86.000,30.569
2026-05-06,4.000,87.000,30.546
2026-05-06,4.000,88.000,30.442
2026-05-06,4.000,89.000,30.329
2026-05-06,4.000,90.000,30.271
2026-05-06,4.000,91.000,30.257
2026-05-06,4.000,92.000,30.669
2026-05-06,4.000,93.000,30.657
2026-05-06,4.000,94.000,30.522
2026-05-06,4.000,95.000,30.584
2026-05-06,4.000,96.000,30.409
2026-05-06,4.000,97.000,30.550
2026-05-06,4.000,98.000,30.610
2026-05-06,4.000,99.000,30.385
2026-05-06,4.000,100.000,30.231
2026-05-06,4.000,101.000,30.355
2026-05-06,4.000,103.000,30.575
2026-05-06,4.000,104.000,30.648
2026-05-06,4.000,105.000,30.493
2026-05-06,4.000,106.000,30.349
2026-05-06,4.000,107.000,30.449
2026-05-06,4.000,108.000,30.404
2026-05-06,4.000,109.000,30.628
2026-05-06,4.000,110.000,30.653
2026-05-06,4.000,111.000,30.337
2026-05-06,4.000,112.000,29.919
2026-05-06,4.000,113.000,30.251
2026-05-06,4.000,114.000,30.144
2026-05-06,4.000,118.000,30.760
2026-05-06,4.000,119.000,30.477
2026-05-06,4.000,120.000,30.673
2026-05-06,4.000,121.000,30.778
2026-05-06,4.000,122.000,30.815
2026-05-06,4.000,123.000,30.471
2026-05-06,4.000,124.000,30.172
2026-05-06,4.000,125.000,29.844
2026-05-06,4.000,126.000,29.722
2026-05-06,4.000,127.000,29.856
2026-05-06,4.000,128.000,30.248
2026-05-06,4.000,129.000,30.207
2026-05-06,4.000,130.000,30.194
2026-05-06,4.000,131.000,30.563
2026-05-06,4.000,132.000,30.503
2026-05-06,4.000,133.000,30.420
2026-05-06,4.000,134.000,30.406
2026-05-06,4.000,135.000,30.316
2026-05-06,4.000,136.000,30.269
2026-05-06,4.000,137.000,30.304
2026-05-06,4.000,138.000,30.278
2026-05-06,4.000,139.000,30.332
2026-05-06,4.000,140.000,30.281
2026-05-06,4.000,141.000,30.243
2026-05-06,4.000,142.000,30.281
2026-05-06,4.000,143.000,30.280
2026-05-06,4.000,144.000,30.239
2026-05-06,4.000,145.000,30.123
2026-05-06,4.000,146.000,29.953
2026-05-06,4.000,147.000,29.905
2026-05-06,4.000,148.000,29.738
2026-05-06,4.000,149.000,29.783
2026-05-06,4.000,150.000,29.801
2026-05-06,4.000,151.000,29.648
2026-05-06,4.000,152.000,29.761
2026-05-06,4.000,153.000,29.883
2026-05-06,4.000,154.000,29.957
2026-05-06,4.000,155.000,29.892
2026-05-06,4.000,156.000,29.871
2026-05-06,4.000,157.000,29.936
2026-05-06,4.000,158.000,29.930
2026-05-06,4.000,159.000,29.898
2026-05-06,4.000,160.000,29.635
2026-05-06,4.000,161.000,29.552
2026-05-06,4.000,162.000,29.413
2026-05-06,4.000,163.000,29.571
2026-05-06,4.000,164.000,29.661
2026-05-06,4.000,165.000,29.828
2026-05-06,4.000,166.000,29.903
2026-05-06,4.000,167.000,29.753
2026-05-06,4.000,168.000,29.946
2026-05-06,4.000,169.000,30.035
2026-05-06,4.000,170.000,29.998
2026-05-06,4.000,171.000,30.005
2026-05-06,4.000,172.000,29.913
2026-05-06,4.000,173.000,29.903
2026-05-06,4.000,174.000,29.808
2026-05-06,4.000,175.000,29.824
2026-05-06,4.000,176.000,29.777
2026-05-06,4.000,177.000,29.566
2026-05-06,4.000,178.000,29.471
2026-05-06,4.000,179.000,29.454
2026-05-06,4.000,180.000,29.527
2026-05-06,5.000,48.000,28.813
2026-05-06,5.000,49.000,29.393
2026-05-06,5.000,50.000,29.821
2026-05-06,5.000,51.000,30.056
2026-05-06,5.000,52.000,30.225
2026-05-06,5.000,53.000,30.137
2026-05-06,5.000,54.000,30.071
2026-05-06,5.000,55.000,30.043
2026-05-06,5.000,56.000,30.184
2026-05-06,5.000,57.000,30.187
2026-05-06,5.000,58.000,30.321
2026-05-06,5.000,59.000,30.355
2026-05-06,5.000,60.000,30.194
2026-05-06,5.000,61.000,30.192
2026-05-06,5.000,62.000,30.206
2026-05-06,5.000,63.000,30.265
2026-05-06,5.000,64.000,30.122
2026-05-06,5.000,65.000,30.014
2026-05-06,5.000,66.000,30.086
2026-05-06,5.000,67.000,30.396
2026-05-06,5.000,68.000,30.531
2026-05-06,5.000,69.000,30.537
2026-05-06,5.000,70.000,30.504
2026-05-06,5.000,71.000,30.359
2026-05-06,5.000,72.000,30.157
2026-05-06,5.000,73.000,30.162
2026-05-06,5.000,74.000,30.322
2026-05-06,5.000,75.000,30.241
2026-05-06,5.000,76.000,30.291
2026-05-06,5.000,77.000,30.296
2026-05-06,5.000,78.000,30.277
2026-05-06,5.000,79.000,30.374
2026-05-06,5.000,80.000,30.358
2026-05-06,5.000,81.000,30.113
2026-05-06,5.000,82.000,30.163
2026-05-06,5.000,83.000,30.411
2026-05-06,5.000,84.000,30.545
2026-05-06,5.000,85.000,30.416
2026-05-06,5.000,86.000,30.595
2026-05-06,5.000,87.000,30.627
2026-05-06,5.000,88.000,30.649
2026-05-06,5.000,89.000,30.734
2026-05-06,5.000,90.000,30.699
2026-05-06,5.000,91.000,30.722
2026-05-06,5.000,92.000,30.934
2026-05-06,5.000,93.000,30.928
2026-05-06,5.000,94.000,30.936
2026-05-06,5.000,95.000,30.619
2026-05-06,5.000,96.000,30.490
2026-05-06,5.000,97.000,30.525
2026-05-06,5.000,98.000,30.253
2026-05-06,5.000,99.000,30.771
2026-05-06,5.000,100.000,30.715
2026-05-06,5.000,101.000,30.665
2026-05-06,5.000,103.000,30.652
2026-05-06,5.000,104.000,30.525
2026-05-06,5.000,105.000,30.388
2026-05-06,5.000,106.000,30.252
2026-05-06,5.000,107.000,30.289
2026-05-06,5.000,108.000,30.429
2026-05-06,5.000,109.000,30.453
2026-05-06,5.000,110.000,30.406
2026-05-06,5.000,111.000,30.322
2026-05-06,5.000,112.000,30.189
2026-05-06,5.000,113.000,30.049
2026-05-06,5.000,114.000,29.941
2026-05-06,5.000,115.000,30.049
2026-05-06,5.000,118.000,31.050
2026-05-06,5.000,119.000,30.363
2026-05-06,5.000,120.000,30.170
2026-05-06,5.000,121.000,30.306
2026-05-06,5.000,122.000,30.596
2026-05-06,5.000,123.000,30.384
2026-05-06,5.000,124.000,30.209
2026-05-06,5.000,125.000,29.798
2026-05-06,5.000,126.000,29.588
2026-05-06,5.000,127.000,29.742
2026-05-06,5.000,128.000,29.991
2026-05-06,5.000,129.000,30.191
2026-05-06,5.000,130.000,30.438
2026-05-06,5.000,131.000,30.581
2026-05-06,5.000,132.000,30.362
2026-05-06,5.000,133.000,30.303
2026-05-06,5.000,134.000,30.309
2026-05-06,5.000,135.000,30.332
2026-05-06,5.000,136.000,30.191
2026-05-06,5.000,137.000,30.062
2026-05-06,5.000,138.000,29.975
2026-05-06,5.000,139.000,30.075
2026-05-06,5.000,140.000,30.189
2026-05-06,5.000,141.000,30.241
2026-05-06,5.000,142.000,30.259
2026-05-06,5.000,143.000,30.385
2026-05-06,5.000,144.000,30.388
2026-05-06,5.000,145.000,30.184
2026-05-06,5.000,146.000,29.999
2026-05-06,5.000,147.000,29.763
2026-05-06,5.000,148.000,29.721
2026-05-06,5.000,149.000,29.839
2026-05-06,5.000,150.000,29.699
2026-05-06,5.000,151.000,29.583
2026-05-06,5.000,152.000,29.467
2026-05-06,5.000,153.000,29.894
2026-05-06,5.000,154.000,29.997
2026-05-06,5.000,155.000,29.706
2026-05-06,5.000,156.000,29.742
2026-05-06,5.000,157.000,29.782
2026-05-06,5.000,158.000,29.657
2026-05-06,5.000,159.000,29.572
2026-05-06,5.000,160.000,29.213
2026-05-06,5.000,161.000,29.132
2026-05-06,5.000,162.000,29.050
2026-05-06,5.000,163.000,29.263
2026-05-06,5.000,164.000,29.367
2026-05-06,5.000,165.000,29.563
2026-05-06,5.000,166.000,29.740
2026-05-06,5.000,167.000,29.736
2026-05-06,5.000,168.000,30.021
2026-05-06,5.000,169.000,29.904
2026-05-06,5.000,170.000,29.828
2026-05-06,5.000,171.000,29.748
2026-05-06,5.000,172.000,29.638
2026-05-06,5.000,173.000,29.669
2026-05-06,5.000,174.000,29.550
2026-05-06,5.000,175.000,29.431
2026-05-06,5.000,176.000,29.481
2026-05-06,5.000,177.000,29.436
2026-05-06,5.000,178.000,29.144
2026-05-06,5.000,179.000,29.356
2026-05-06,5.000,180.000,29.648
2026-05-06,6.000,49.000,28.984
2026-05-06,6.000,50.000,29.763
2026-05-06,6.000,51.000,30.079
2026-05-06,6.000,52.000,30.373
2026-05-06,6.000,53.000,30.389
2026-05-06,6.000,54.000,30.347
2026-05-06,6.000,55.000,30.374
2026-05-06,6.000,56.000,30.480
2026-05-06,6.000,57.000,30.349
2026-05-06,6.000,58.000,30.386
2026-05-06,6.000,59.000,30.441
2026-05-06,6.000,60.000,30.373
2026-05-06,6.000,61.000,30.382
2026-05-06,6.000,62.000,30.283
2026-05-06,6.000,63.000,30.357
2026-05-06,6.000,64.000,30.204
2026-05-06,6.000,65.000,30.001
2026-05-06,6.000,66.000,30.208
2026-05-06,6.000,67.000,30.600
2026-05-06,6.000,68.000,30.719
2026-05-06,6.000,69.000,30.761
2026-05-06,6.000,70.000,30.682
2026-05-06,6.000,71.000,30.504
2026-05-06,6.000,72.000,30.610
2026-05-06,6.000,73.000,30.366
2026-05-06,6.000,74.000,30.373
2026-05-06,6.000,75.000,30.414
2026-05-06,6.000,76.000,30.325
2026-05-06,6.000,77.000,30.256
2026-05-06,6.000,78.000,30.322
2026-05-06,6.000,79.000,30.334
2026-05-06,6.000,80.000,30.309
2026-05-06,6.000,81.000,29.535
2026-05-06,6.000,82.000,30.022
2026-05-06,6.000,83.000,30.358
2026-05-06,6.000,84.000,30.502
2026-05-06,6.000,85.000,30.580
2026-05-06,6.000,86.000,30.567
2026-05-06,6.000,87.000,30.535
2026-05-06,6.000,88.000,30.758
2026-05-06,6.000,89.000,30.881
2026-05-06,6.000,90.000,30.965
2026-05-06,6.000,91.000,30.993
2026-05-06,6.000,92.000,31.036
2026-05-06,6.000,93.000,30.977
2026-05-06,6.000,94.000,30.799
2026-05-06,6.000,95.000,30.521
2026-05-06,6.000,96.000,30.617
2026-05-06,6.000,97.000,30.699
2026-05-06,6.000,98.000,30.479
2026-05-06,6.000,99.000,30.534
2026-05-06,6.000,100.000,30.234
2026-05-06,6.000,102.000,30.637
2026-05-06,6.000,103.000,30.646
2026-05-06,6.000,104.000,30.491
2026-05-06,6.000,105.000,30.354
2026-05-06,6.000,106.000,30.271
2026-05-06,6.000,107.000,30.193
2026-05-06,6.000,108.000,30.320
2026-05-06,6.000,109.000,30.434
2026-05-06,6.000,110.000,30.386
2026-05-06,6.000,111.000,30.503
2026-05-06,6.000,112.000,30.278
2026-05-06,6.000,113.000,30.023
2026-05-06,6.000,114.000,29.765
2026-05-06,6.000,115.000,29.664
2026-05-06,6.000,116.000,29.874
2026-05-06,6.000,118.000,30.371
2026-05-06,6.000,119.000,29.729
2026-05-06,6.000,120.000,29.776
2026-05-06,6.000,121.000,29.278
2026-05-06,6.000,122.000,30.034
2026-05-06,6.000,123.000,30.351
2026-05-06,6.000,124.000,30.019
2026-05-06,6.000,125.000,29.800
2026-05-06,6.000,126.000,29.493
2026-05-06,6.000,127.000,29.664
2026-05-06,6.000,128.000,29.997
2026-05-06,6.000,129.000,29.930
2026-05-06,6.000,130.000,30.462
2026-05-06,6.000,131.000,30.409
2026-05-06,6.000,132.000,30.101
2026-05-06,6.000,133.000,30.113
2026-05-06,6.000,134.000,30.281
2026-05-06,6.000,135.000,30.254
2026-05-06,6.000,136.000,30.056
2026-05-06,6.000,137.000,29.773
2026-05-06,6.000,138.000,29.843
2026-05-06,6.000,139.000,29.944
2026-05-06,6.000,140.000,30.033
2026-05-06,6.000,141.000,30.124
2026-05-06,6.000,142.000,30.124
2026-05-06,6.000,143.000,30.209
2026-05-06,6.000,144.000,30.179
2026-05-06,6.000,145.000,30.088
2026-05-06,6.000,146.000,29.876
2026-05-06,6.000,147.000,29.672
2026-05-06,6.000,148.000,29.661
2026-05-06,6.000,149.000,29.824
2026-05-06,6.000,150.000,29.681
2026-05-06,6.000,151.000,29.486
2026-05-06,6.000,152.000,29.337
2026-05-06,6.000,153.000,29.368
2026-05-06,6.000,154.000,29.508
2026-05-06,6.000,155.000,29.565
2026-05-06,6.000,156.000,29.534
2026-05-06,6.000,157.000,29.547
2026-05-06,6.000,158.000,29.489
2026-05-06,6.000,159.000,29.451
2026-05-06,6.000,160.000,29.297
2026-05-06,6.000,161.000,29.161
2026-05-06,6.000,162.000,29.054
2026-05-06,6.000,163.000,29.229
2026-05-06,6.000,164.000,29.473
2026-05-06,6.000,165.000,29.503
2026-05-06,6.000,166.000,29.566
2026-05-06,6.000,167.000,29.703
2026-05-06,6.000,168.000,29.793
2026-05-06,6.000,169.000,29.809
2026-05-06,6.000,170.000,29.714
2026-05-06,6.000,171.000,29.592
2026-05-06,6.000,172.000,29.509
2026-05-06,6.000,173.000,29.596
2026-05-06,6.000,174.000,29.609
2026-05-06,6.000,175.000,29.424
2026-05-06,6.000,176.000,29.287
2026-05-06,6.000,177.000,29.288
2026-05-06,6.000,178.000,29.109
2026-05-06,6.000,179.000,29.353
2026-05-06,6.000,180.000,29.651
2026-05-06,7.000,49.000,28.770
2026-05-06,7.000,50.000,29.455
2026-05-06,7.000,51.000,29.964
2026-05-06,7.000,52.000,30.253
2026-05-06,7.000,53.000,30.440
2026-05-06,7.000,54.000,30.467
2026-05-06,7.000,55.000,30.496
2026-05-06,7.000,56.000,30.563
2026-05-06,7.000,57.000,30.368
2026-05-06,7.000,58.000,30.484
2026-05-06,7.000,59.000,30.615
2026-05-06,7.000,60.000,30.506
2026-05-06,7.000,61.000,30.378
2026-05-06,7.000,62.000,30.282
2026-05-06,7.000,63.000,30.446
2026-05-06,7.000,64.000,30.496
2026-05-06,7.000,65.000,30.349
2026-05-06,7.000,66.000,30.331
2026-05-06,7.000,67.000,30.523
2026-05-06,7.000,68.000,30.683
2026-05-06,7.000,69.000,30.737
2026-05-06,7.000,70.000,30.854
2026-05-06,7.000,71.000,31.034
2026-05-06,7.000,72.000,31.071
2026-05-06,7.000,73.000,30.578
2026-05-06,7.000,74.000,30.346
2026-05-06,7.000,75.000,30.504
2026-05-06,7.000,76.000,30.451
2026-05-06,7.000,77.000,30.292
2026-05-06,7.000,78.000,30.264
2026-05-06,7.000,79.000,30.207
2026-05-06,7.000,80.000,30.075
2026-05-06,7.000,82.000,30.192
2026-05-06,7.000,83.000,30.694
2026-05-06,7.000,84.000,30.739
2026-05-06,7.000,85.000,30.792
2026-05-06,7.000,86.000,30.801
2026-05-06,7.000,87.000,30.932
2026-05-06,7.000,88.000,30.861
2026-05-06,7.000,89.000,30.899
2026-05-06,7.000,90.000,30.974
2026-05-06,7.000,91.000,31.003
2026-05-06,7.000,92.000,31.032
2026-05-06,7.000,93.000,30.986
2026-05-06,7.000,94.000,30.635
2026-05-06,7.000,95.000,30.524
2026-05-06,7.000,96.000,30.660
2026-05-06,7.000,97.000,30.984
2026-05-06,7.000,98.000,31.021
2026-05-06,7.000,99.000,31.217
2026-05-06,7.000,100.000,31.070
2026-05-06,7.000,101.000,30.511
2026-05-06,7.000,102.000,30.558
2026-05-06,7.000,103.000,30.615
2026-05-06,7.000,104.000,30.461
2026-05-06,7.000,105.000,30.361
2026-05-06,7.000,106.000,30.162
2026-05-06,7.000,107.000,30.153
2026-05-06,7.000,108.000,30.116
2026-05-06,7.000,109.000,30.221
2026-05-06,7.000,110.000,30.304
2026-05-06,7.000,111.000,30.243
2026-05-06,7.000,112.000,30.046
2026-05-06,7.000,113.000,29.765
2026-05-06,7.000,114.000,29.654
2026-05-06,7.000,115.000,29.391
2026-05-06,7.000,116.000,29.216
2026-05-06,7.000,117.000,29.662
2026-05-06,7.000,118.000,29.858
2026-05-06,7.000,119.000,29.962
2026-05-06,7.000,120.000,30.164
2026-05-06,7.000,121.000,29.871
2026-05-06,7.000,122.000,29.725
2026-05-06,7.000,123.000,30.575
2026-05-06,7.000,124.000,30.289
2026-05-06,7.000,125.000,29.830
2026-05-06,7.000,126.000,29.568
2026-05-06,7.000,127.000,29.502
2026-05-06,7.000,128.000,29.868
2026-05-06,7.000,129.000,29.706
2026-05-06,7.000,130.000,30.025
2026-05-06,7.000,131.000,30.051
2026-05-06,7.000,132.000,29.765
2026-05-06,7.000,133.000,29.715
2026-05-06,7.000,134.000,29.871
2026-05-06,7.000,135.000,30.044
2026-05-06,7.000,136.000,29.969
2026-05-06,7.000,137.000,29.799
2026-05-06,7.000,138.000,29.696
2026-05-06,7.000,139.000,29.818
2026-05-06,7.000,140.000,29.897
2026-05-06,7.000,141.000,30.039
2026-05-06,7.000,142.000,30.135
2026-05-06,7.000,143.000,30.166
2026-05-06,7.000,144.000,30.011
2026-05-06,7.000,145.000,29.778
2026-05-06,7.000,146.000,29.670
2026-05-06,7.000,147.000,29.820
2026-05-06,7.000,148.000,30.010
2026-05-06,7.000,149.000,29.820
2026-05-06,7.000,150.000,29.579
2026-05-06,7.000,151.000,29.492
2026-05-06,7.000,152.000,29.264
2026-05-06,7.000,153.000,29.193
2026-05-06,7.000,154.000,29.354
2026-05-06,7.000,155.000,29.343
2026-05-06,7.000,156.000,29.404
2026-05-06,7.000,157.000,29.511
2026-05-06,7.000,158.000,29.473
2026-05-06,7.000,159.000,29.389
2026-05-06,7.000,160.000,29.401
2026-05-06,7.000,161.000,29.264
2026-05-06,7.000,162.000,29.252
2026-05-06,7.000,163.000,29.285
2026-05-06,7.000,164.000,29.431
2026-05-06,7.000,165.000,29.475
2026-05-06,7.000,166.000,29.393
2026-05-06,7.000,167.000,29.493
2026-05-06,7.000,168.000,29.753
2026-05-06,7.000,169.000,29.674
2026-05-06,7.000,170.000,29.511
2026-05-06,7.000,171.000,29.406
2026-05-06,7.000,172.000,29.358
2026-05-06,7.000,173.000,29.376
2026-05-06,7.000,174.000,29.346
2026-05-06,7.000,175.000,29.109
2026-05-06,7.000,176.000,29.306
2026-05-06,7.000,177.000,29.418
2026-05-06,7.000,178.000,29.299
2026-05-06,7.000,179.000,29.429
2026-05-06,7.000,180.000,29.529
2026-05-06,8.000,50.000,29.066
2026-05-06,8.000,51.000,29.778
2026-05-06,8.000,52.000,30.230
2026-05-06,8.000,53.000,30.319
2026-05-06,8.000,54.000,30.268
2026-05-06,8.000,55.000,30.433
2026-05-06,8.000,56.000,30.596
2026-05-06,8.000,57.000,30.457
2026-05-06,8.000,58.000,30.607
2026-05-06,8.000,59.000,30.766
2026-05-06,8.000,60.000,30.705
2026-05-06,8.000,61.000,30.513
2026-05-06,8.000,62.000,30.474
2026-05-06,8.000,63.000,30.686
2026-05-06,8.000,64.000,30.901
2026-05-06,8.000,65.000,30.825
2026-05-06,8.000,66.000,30.799
2026-05-06,8.000,67.000,30.789
2026-05-06,8.000,68.000,30.809
2026-05-06,8.000,69.000,30.925
2026-05-06,8.000,70.000,30.953
2026-05-06,8.000,71.000,31.128
2026-05-06,8.000,72.000,31.107
2026-05-06,8.000,73.000,30.899
2026-05-06,8.000,74.000,30.599
2026-05-06,8.000,75.000,30.615
2026-05-06,8.000,76.000,30.461
2026-05-06,8.000,77.000,30.059
2026-05-06,8.000,78.000,30.104
2026-05-06,8.000,79.000,30.422
2026-05-06,8.000,80.000,30.307
2026-05-06,8.000,81.000,30.350
2026-05-06,8.000,82.000,30.594
2026-05-06,8.000,83.000,30.856
2026-05-06,8.000,84.000,31.014
2026-05-06,8.000,85.000,30.881
2026-05-06,8.000,86.000,30.839
2026-05-06,8.000,87.000,30.975
2026-05-06,8.000,88.000,30.929
2026-05-06,8.000,89.000,30.831
2026-05-06,8.000,90.000,31.039
2026-05-06,8.000,91.000,31.217
2026-05-06,8.000,92.000,31.121
2026-05-06,8.000,93.000,30.982
2026-05-06,8.000,94.000,30.946
2026-05-06,8.000,95.000,31.062
2026-05-06,8.000,96.000,30.939
2026-05-06,8.000,97.000,31.059
2026-05-06,8.000,98.000,31.232
2026-05-06,8.000,99.000,31.518
2026-05-06,8.000,100.000,31.157
2026-05-06,8.000,101.000,30.615
2026-05-06,8.000,102.000,30.717
2026-05-06,8.000,103.000,30.628
2026-05-06,8.000,104.000,30.303
2026-05-06,8.000,105.000,30.100
2026-05-06,8.000,106.000,29.920
2026-05-06,8.000,107.000,29.801
2026-05-06,8.000,108.000,29.973
2026-05-06,8.000,109.000,30.048
2026-05-06,8.000,110.000,30.141
2026-05-06,8.000,111.000,30.107
2026-05-06,8.000,112.000,29.966
2026-05-06,8.000,113.000,29.819
2026-05-06,8.000,114.000,29.861
2026-05-06,8.000,115.000,29.745
2026-05-06,8.000,116.000,29.746
2026-05-06,8.000,117.000,29.778
2026-05-06,8.000,118.000,29.956
2026-05-06,8.000,119.000,30.050
2026-05-06,8.000,120.000,30.012
2026-05-06,8.000,121.000,30.015
2026-05-06,8.000,122.000,29.339
2026-05-06,8.000,123.000,29.121
2026-05-06,8.000,124.000,30.020
2026-05-06,8.000,126.000,29.420
2026-05-06,8.000,127.000,29.439
2026-05-06,8.000,128.000,29.654
2026-05-06,8.000,129.000,29.879
2026-05-06,8.000,130.000,29.951
2026-05-06,8.000,131.000,29.885
2026-05-06,8.000,132.000,29.637
2026-05-06,8.000,133.000,29.538
2026-05-06,8.000,134.000,29.647
2026-05-06,8.000,135.000,29.821
2026-05-06,8.000,136.000,29.653
2026-05-06,8.000,137.000,29.429
2026-05-06,8.000,138.000,29.478
2026-05-06,8.000,139.000,29.636
2026-05-06,8.000,140.000,29.762
2026-05-06,8.000,141.000,29.899
2026-05-06,8.000,142.000,29.993
2026-05-06,8.000,143.000,30.018
2026-05-06,8.000,144.000,29.807
2026-05-06,8.000,145.000,29.238
2026-05-06,8.000,146.000,29.038
2026-05-06,8.000,147.000,29.344
2026-05-06,8.000,148.000,29.633
2026-05-06,8.000,149.000,29.676
2026-05-06,8.000,150.000,29.321
2026-05-06,8.000,151.000,29.124
2026-05-06,8.000,152.000,29.113
2026-05-06,8.000,153.000,29.046
2026-05-06,8.000,154.000,29.095
2026-05-06,8.000,155.000,29.257
2026-05-06,8.000,156.000,29.311
2026-05-06,8.000,157.000,29.368
2026-05-06,8.000,158.000,29.458
2026-05-06,8.000,159.000,29.506
2026-05-06,8.000,160.000,29.483
2026-05-06,8.000,161.000,29.438
2026-05-06,8.000,162.000,29.374
2026-05-06,8.000,163.000,29.178
2026-05-06,8.000,164.000,29.156
2026-05-06,8.000,165.000,29.208
2026-05-06,8.000,166.000,29.126
2026-05-06,8.000,167.000,29.142
2026-05-06,8.000,168.000,29.468
2026-05-06,8.000,169.000,29.492
2026-05-06,8.000,170.000,29.204
2026-05-06,8.000,171.000,28.984
2026-05-06,8.000,172.000,28.994
2026-05-06,8.000,173.000,29.141
2026-05-06,8.000,174.000,29.016
2026-05-06,8.000,175.000,28.851
2026-05-06,8.000,176.000,29.084
2026-05-06,8.000,177.000,29.011
2026-05-06,8.000,178.000,28.936
2026-05-06,8.000,179.000,29.161
2026-05-06,8.000,180.000,29.079
2026-05-06,9.000,50.000,28.920
2026-05-06,9.000,51.000,29.469
2026-05-06,9.000,52.000,30.102
2026-05-06,9.000,53.000,30.229
2026-05-06,9.000,54.000,30.392
2026-05-06,9.000,55.000,30.543
2026-05-06,9.000,56.000,30.709
2026-05-06,9.000,57.000,30.771
2026-05-06,9.000,58.000,30.710
2026-05-06,9.000,59.000,30.750
2026-05-06,9.000,60.000,30.767
2026-05-06,9.000,61.000,30.707
2026-05-06,9.000,62.000,30.657
2026-05-06,9.000,63.000,30.722
2026-05-06,9.000,64.000,30.925
2026-05-06,9.000,65.000,30.906
2026-05-06,9.000,66.000,30.886
2026-05-06,9.000,67.000,30.807
2026-05-06,9.000,68.000,30.846
2026-05-06,9.000,69.000,31.023
2026-05-06,9.000,70.000,31.079
2026-05-06,9.000,71.000,31.030
2026-05-06,9.000,72.000,30.983
2026-05-06,9.000,73.000,30.954
2026-05-06,9.000,74.000,30.674
2026-05-06,9.000,75.000,30.614
2026-05-06,9.000,76.000,30.601
2026-05-06,9.000,77.000,30.100
2026-05-06,9.000,78.000,30.832
2026-05-06,9.000,79.000,30.768
2026-05-06,9.000,80.000,30.937
2026-05-06,9.000,81.000,30.466
2026-05-06,9.000,82.000,30.812
2026-05-06,9.000,83.000,30.854
2026-05-06,9.000,84.000,30.898
2026-05-06,9.000,85.000,30.702
2026-05-06,9.000,86.000,30.691
2026-05-06,9.000,87.000,30.861
2026-05-06,9.000,88.000,30.923
2026-05-06,9.000,89.000,30.967
2026-05-06,9.000,90.000,31.156
2026-05-06,9.000,91.000,31.366
2026-05-06,9.000,92.000,31.346
2026-05-06,9.000,93.000,31.259
2026-05-06,9.000,94.000,31.327
2026-05-06,9.000,95.000,31.110
2026-05-06,9.000,96.000,31.079
2026-05-06,9.000,97.000,31.150
2026-05-06,9.000,98.000,31.161
2026-05-06,9.000,99.000,31.280
2026-05-06,9.000,100.000,30.897
2026-05-06,9.000,101.000,30.654
2026-05-06,9.000,102.000,30.716
2026-05-06,9.000,103.000,30.656
2026-05-06,9.000,104.000,30.396
2026-05-06,9.000,105.000,30.357
2026-05-06,9.000,106.000,30.057
2026-05-06,9.000,107.000,29.545
2026-05-06,9.000,108.000,29.700
2026-05-06,9.000,109.000,29.867
2026-05-06,9.000,110.000,29.917
2026-05-06,9.000,111.000,29.987
2026-05-06,9.000,112.000,29.934
2026-05-06,9.000,113.000,29.887
2026-05-06,9.000,114.000,29.986
2026-05-06,9.000,115.000,30.118
2026-05-06,9.000,116.000,30.318
2026-05-06,9.000,117.000,30.434
2026-05-06,9.000,118.000,29.998
2026-05-06,9.000,119.000,29.994
2026-05-06,9.000,120.000,30.034
2026-05-06,9.000,121.000,29.896
2026-05-06,9.000,122.000,29.879
2026-05-06,9.000,123.000,29.152
2026-05-06,9.000,124.000,29.104
2026-05-06,9.000,125.000,29.165
2026-05-06,9.000,126.000,29.346
2026-05-06,9.000,127.000,29.509
2026-05-06,9.000,128.000,29.744
2026-05-06,9.000,129.000,29.710
2026-05-06,9.000,130.000,29.614
2026-05-06,9.000,131.000,29.544
2026-05-06,9.000,132.000,29.526
2026-05-06,9.000,133.000,29.466
2026-05-06,9.000,134.000,29.578
2026-05-06,9.000,135.000,29.481
2026-05-06,9.000,136.000,29.331
2026-05-06,9.000,137.000,29.319
2026-05-06,9.000,138.000,29.340
2026-05-06,9.000,139.000,29.393
2026-05-06,9.000,140.000,29.466
2026-05-06,9.000,141.000,29.570
2026-05-06,9.000,142.000,29.586
2026-05-06,9.000,143.000,29.462
2026-05-06,9.000,144.000,29.243
2026-05-06,9.000,145.000,28.866
2026-05-06,9.000,146.000,28.768
2026-05-06,9.000,147.000,29.171
2026-05-06,9.000,148.000,29.429
2026-05-06,9.000,149.000,29.248
2026-05-06,9.000,150.000,28.945
2026-05-06,9.000,151.000,28.803
2026-05-06,9.000,152.000,28.941
2026-05-06,9.000,153.000,29.111
2026-05-06,9.000,154.000,29.057
2026-05-06,9.000,155.000,29.199
2026-05-06,9.000,156.000,29.188
2026-05-06,9.000,157.000,29.146
2026-05-06,9.000,158.000,29.286
2026-05-06,9.000,159.000,29.325
2026-05-06,9.000,160.000,29.383
2026-05-06,9.000,161.000,29.321
2026-05-06,9.000,162.000,29.179
2026-05-06,9.000,163.000,28.944
2026-05-06,9.000,164.000,28.881
2026-05-06,9.000,165.000,29.054
2026-05-06,9.000,166.000,29.037
2026-05-06,9.000,167.000,28.919
2026-05-06,9.000,168.000,29.075
2026-05-06,9.000,169.000,29.238
2026-05-06,9.000,170.000,29.039
2026-05-06,9.000,171.000,28.784
2026-05-06,9.000,172.000,28.735
2026-05-06,9.000,173.000,28.828
2026-05-06,9.000,174.000,28.861
2026-05-06,9.000,175.000,28.811
2026-05-06,9.000,176.000,28.763
2026-05-06,9.000,177.000,28.606
2026-05-06,9.000,178.000,28.479
2026-05-06,9.000,179.000,28.744
2026-05-06,9.000,180.000,28.904
2026-05-06,10.000,51.000,29.243
2026-05-06,10.000,52.000,29.728
2026-05-06,10.000,53.000,30.056
2026-05-06,10.000,54.000,30.324
2026-05-06,10.000,55.000,30.483
2026-05-06,10.000,56.000,30.581
2026-05-06,10.000,57.000,30.584
2026-05-06,10.000,58.000,30.598
2026-05-06,10.000,59.000,30.701
2026-05-06,10.000,60.000,30.783
2026-05-06,10.000,61.000,30.628
2026-05-06,10.000,62.000,30.695
2026-05-06,10.000,63.000,30.688
2026-05-06,10.000,64.000,30.632
2026-05-06,10.000,65.000,30.632
2026-05-06,10.000,66.000,30.746
2026-05-06,10.000,67.000,30.675
2026-05-06,10.000,68.000,30.694
2026-05-06,10.000,69.000,30.879
2026-05-06,10.000,70.000,31.098
2026-05-06,10.000,71.000,31.112
2026-05-06,10.000,72.000,31.051
2026-05-06,10.000,73.000,30.923
2026-05-06,10.000,74.000,30.784
2026-05-06,10.000,75.000,30.702
2026-05-06,10.000,76.000,30.694
2026-05-06,10.000,79.000,31.238
2026-05-06,10.000,80.000,30.614
2026-05-06,10.000,81.000,30.524
2026-05-06,10.000,82.000,30.866
2026-05-06,10.000,83.000,30.963
2026-05-06,10.000,84.000,30.767
2026-05-06,10.000,85.000,30.796
2026-05-06,10.000,86.000,30.750
2026-05-06,10.000,87.000,30.967
2026-05-06,10.000,88.000,30.967
2026-05-06,10.000,89.000,31.093
2026-05-06,10.000,90.000,31.296
2026-05-06,10.000,91.000,31.274
2026-05-06,10.000,92.000,31.349
2026-05-06,10.000,93.000,31.454
2026-05-06,10.000,94.000,31.404
2026-05-06,10.000,95.000,31.041
2026-05-06,10.000,96.000,30.901
2026-05-06,10.000,97.000,31.090
2026-05-06,10.000,98.000,30.930
2026-05-06,10.000,99.000,31.220
2026-05-06,10.000,100.000,30.784
2026-05-06,10.000,101.000,30.616
2026-05-06,10.000,102.000,30.726
2026-05-06,10.000,103.000,30.692
2026-05-06,10.000,104.000,30.857
2026-05-06,10.000,105.000,30.828
2026-05-06,10.000,107.000,29.752
2026-05-06,10.000,108.000,29.534
2026-05-06,10.000,109.000,29.811
2026-05-06,10.000,110.000,29.828
2026-05-06,10.000,111.000,29.966
2026-05-06,10.000,112.000,29.964
2026-05-06,10.000,113.000,29.964
2026-05-06,10.000,114.000,30.051
2026-05-06,10.000,115.000,30.188
2026-05-06,10.000,116.000,30.054
2026-05-06,10.000,117.000,30.066
2026-05-06,10.000,118.000,29.935
2026-05-06,10.000,119.000,29.772
2026-05-06,10.000,120.000,29.894
2026-05-06,10.000,121.000,29.924
2026-05-06,10.000,122.000,29.795
2026-05-06,10.000,123.000,29.544
2026-05-06,10.000,124.000,29.491
2026-05-06,10.000,125.000,29.276
2026-05-06,10.000,126.000,29.036
2026-05-06,10.000,127.000,29.433
2026-05-06,10.000,128.000,29.618
2026-05-06,10.000,129.000,29.468
2026-05-06,10.000,130.000,29.362
2026-05-06,10.000,131.000,29.345
2026-05-06,10.000,132.000,29.353
2026-05-06,10.000,133.000,29.353
2026-05-06,10.000,134.000,29.281
2026-05-06,10.000,135.000,29.182
2026-05-06,10.000,136.000,29.199
2026-05-06,10.000,137.000,29.224
2026-05-06,10.000,138.000,29.223
2026-05-06,10.000,139.000,29.178
2026-05-06,10.000,140.000,29.194
2026-05-06,10.000,141.000,29.209
2026-05-06,10.000,142.000,29.226
2026-05-06,10.000,143.000,29.098
2026-05-06,10.000,144.000,28.919
2026-05-06,10.000,145.000,28.849
2026-05-06,10.000,146.000,28.839
2026-05-06,10.000,147.000,29.132
2026-05-06,10.000,148.000,29.211
2026-05-06,10.000,149.000,29.058
2026-05-06,10.000,150.000,28.979
2026-05-06,10.000,151.000,28.997
2026-05-06,10.000,152.000,28.974
2026-05-06,10.000,153.000,29.261
2026-05-06,10.000,154.000,29.144
2026-05-06,10.000,155.000,29.122
2026-05-06,10.000,156.000,28.914
2026-05-06,10.000,157.000,28.927
2026-05-06,10.000,158.000,29.159
2026-05-06,10.000,159.000,29.164
2026-05-06,10.000,160.000,29.119
2026-05-06,10.000,161.000,29.056
2026-05-06,10.000,162.000,29.036
2026-05-06,10.000,163.000,28.808
2026-05-06,10.000,164.000,28.693
2026-05-06,10.000,165.000,28.841
2026-05-06,10.000,166.000,28.801
2026-05-06,10.000,167.000,28.762
2026-05-06,10.000,168.000,28.895
2026-05-06,10.000,169.000,28.983
2026-05-06,10.000,170.000,28.812
2026-05-06,10.000,171.000,28.675
2026-05-06,10.000,172.000,28.682
2026-05-06,10.000,173.000,28.523
2026-05-06,10.000,174.000,28.486
2026-05-06,10.000,175.000,28.418
2026-05-06,10.000,176.000,28.369
2026-05-06,10.000,177.000,28.358
2026-05-06,10.000,178.000,28.461
2026-05-06,10.000,179.000,28.512
2026-05-06,10.000,180.000,28.679
